"cluster","cx","cy","x","y","expr"
"Cluster 1",-3,1.8,-3.42406203745613,0.93658876158257,0
"Cluster 1",-3,1.8,-2.88684876817609,2.22221150872909,0.362237289564488
"Cluster 1",-3,1.8,-2.63878948972488,1.58859338377298,1.30025495810194
"Cluster 1",-3,1.8,-3.21488647511632,2.24225231169932,0.821243806650649
"Cluster 1",-3,1.8,-3.41203647321911,2.31694055401441,0
"Cluster 1",-3,1.8,-2.41421356922748,1.36193822734085,0.715349124787327
"Cluster 1",-3,1.8,-2.4906000225946,2.23377768645325,0
"Cluster 1",-3,1.8,-3.08576521053281,1.24209710147797,1.10161564095689
"Cluster 1",-3,1.8,-2.92905501183154,1.8184157748224,1.54721663698428
"Cluster 1",-3,1.8,-2.98428942638916,1.78729088956841,1.92907708186635
"Cluster 1",-3,1.8,-2.06989396458922,1.9375890501545,0
"Cluster 1",-3,1.8,-2.59388627367867,1.89259156755444,1.11968805551437
"Cluster 1",-3,1.8,-1.6710421309773,1.90896076303385,1.64810631860573
"Cluster 1",-3,1.8,-3.05416171912305,1.73479511810495,0.280465069985717
"Cluster 1",-3,1.8,-3.29293300309002,2.52851968965377,1.07098908647296
"Cluster 1",-3,1.8,-2.74308418568176,2.42560973356858,0.831134482260992
"Cluster 1",-3,1.8,-3.34273431470033,1.32229772185321,0
"Cluster 1",-3,1.8,-3.19324517896107,1.60719054338191,0
"Cluster 1",-3,1.8,-2.99202326396905,1.29032001741643,1.11784151222067
"Cluster 1",-3,1.8,-3.052777930197,2.09893230114353,0.0920143868878865
"Cluster 1",-3,1.8,-2.70410768275447,2.20645533923649,1.90913289185932
"Cluster 1",-3,1.8,-3.27088047264607,1.75853246042314,2.00279139958456
"Cluster 1",-3,1.8,-3.61683905096676,1.80068611585462,1.17453698164687
"Cluster 1",-3,1.8,-3.38882216828298,1.80362041285365,2.14917496506248
"Cluster 1",-3,1.8,-3.42707785689429,1.58311032704225,1.70137745611093
"Cluster 1",-3,1.8,-3.15798204896399,1.55904650862874,1.1565966116641
"Cluster 1",-3,1.8,-3.34567386716263,2.05891729766232,1.04380698449478
"Cluster 1",-3,1.8,-4.34853473048805,1.88360261590153,0.987304859307164
"Cluster 1",-3,1.8,-3.10994707707428,2.25446250955657,0.206850105320718
"Cluster 1",-3,1.8,-2.91998778804891,1.80741484012936,0.353814798227142
"Cluster 1",-3,1.8,-3.89938318037131,2.15555589267622,1.58747598669138
"Cluster 1",-3,1.8,-3.46441141215609,1.79064256774088,2.04910781087542
"Cluster 1",-3,1.8,-3.08216880348461,1.11059675369761,0
"Cluster 1",-3,1.8,-3.10233619798,1.71540242118169,0.749001729689838
"Cluster 1",-3,1.8,-3.1668140504033,2.12697380644247,0.0384929134652685
"Cluster 1",-3,1.8,-3.4225295460573,1.46654121022371,0.917940212419195
"Cluster 1",-3,1.8,-3.18041357836611,1.51292470854255,0.174886371661034
"Cluster 1",-3,1.8,-3.05757049934413,2.13325086993672,2.11039851420397
"Cluster 1",-3,1.8,-2.35475434048867,2.6294889625141,0
"Cluster 1",-3,1.8,-3.06956161976406,1.91396077220486,0.613251080379759
"Cluster 1",-3,1.8,-3.32120665349366,1.76090487665099,0.24718948127159
"Cluster 1",-3,1.8,-3.26077166933889,2.10458456254353,0
"Cluster 1",-3,1.8,-2.75950749636529,2.18006616537796,2.43746703536726
"Cluster 1",-3,1.8,-3.46806886878448,2.15445891210798,0
"Cluster 1",-3,1.8,-2.17635169880403,1.91122794295157,0.620695203593709
"Cluster 1",-3,1.8,-2.19412697285417,2.07868904110843,0
"Cluster 1",-3,1.8,-2.60618364146543,1.71156233471016,0.203064080397282
"Cluster 1",-3,1.8,-2.54493199042621,2.20957876246704,0.565018676221832
"Cluster 1",-3,1.8,-2.72371977655454,2.23472663334831,0.247974838671524
"Cluster 1",-3,1.8,-3.4305358560781,1.44742245371773,0.695413741122099
"Cluster 1",-3,1.8,-2.40246386369554,1.99857529153739,1.14461683483765
"Cluster 1",-3,1.8,-3.47261997841629,1.51124250828108,1.48853843696762
"Cluster 1",-3,1.8,-3.760153547333,1.67907980193925,1.28647395639296
"Cluster 1",-3,1.8,-2.7726215835477,2.14053440580994,0.88781262453457
"Cluster 1",-3,1.8,-2.47780072660987,1.18006130704186,0.889368125972355
"Cluster 1",-3,1.8,-3.48984962766304,2.2445536494588,0.123015904580173
"Cluster 1",-3,1.8,-2.80336350362734,1.81314376200043,0
"Cluster 1",-3,1.8,-2.48043098576665,1.75860090219428,0
"Cluster 1",-3,1.8,-3.21577963132631,1.76779751926702,0.813300426703557
"Cluster 1",-3,1.8,-3.39268690664419,2.67594614269974,1.7047304022849
"Cluster 1",-3,1.8,-2.32315233259805,2.13813488422685,0
"Cluster 1",-3,1.8,-3.64464382411239,1.2872423845203,0.445233342117463
"Cluster 1",-3,1.8,-3.49207694861536,1.99642162289443,0
"Cluster 1",-3,1.8,-3.30990900267272,1.48911747684472,1.70914816090913
"Cluster 1",-3,1.8,-3.07974884584473,1.59898927761055,1.02427471166869
"Cluster 1",-3,1.8,-2.97825622345492,1.80383456594055,1.18665864944335
"Cluster 1",-3,1.8,-2.85667479810437,1.92545365935433,0
"Cluster 1",-3,1.8,-3.34326873745632,1.79466198854652,2.25869940550684
"Cluster 1",-3,1.8,-3.63487849738951,1.57700421516962,0
"Cluster 1",-3,1.8,-3.02826791299032,1.90928065661004,0.936261566844401
"Cluster 1",-3,1.8,-2.19191086688737,1.40284141227636,1.82326567231049
"Cluster 1",-3,1.8,-2.71559880900971,1.86320868088461,1.69697521305448
"Cluster 1",-3,1.8,-2.69464940646497,1.55769313677243,1.10230265808077
"Cluster 1",-3,1.8,-3.4487511480038,1.54732007139053,0.81659306361726
"Cluster 1",-3,1.8,-3.14765676714733,1.10137546971792,0
"Cluster 1",-3,1.8,-2.76691917267395,2.20140419310952,1.43636400989215
"Cluster 1",-3,1.8,-1.96866859477936,1.76088723637683,0
"Cluster 1",-3,1.8,-3.32996999172292,2.39224621728876,0.952093016264461
"Cluster 1",-3,1.8,-2.61412222627936,2.46834094004037,0.116444508632631
"Cluster 1",-3,1.8,-2.45846650644602,1.93894039978937,0
"Cluster 1",-3,1.8,-3.63497467639003,1.13926969365248,0.886866225431077
"Cluster 2",-1,-2.1,-1.06078177708675,-1.26209918600058,4.38728165223886
"Cluster 2",-1,-2.1,-1.45328191872487,-2.72130661067323,1.38443706474135
"Cluster 2",-1,-2.1,-0.213435468833607,-2.2313333368509,2.7135031605092
"Cluster 2",-1,-2.1,-0.850472468709035,-1.59403231511635,3.84607092633798
"Cluster 2",-1,-2.1,-1.05952894775991,-2.60104689254884,2.39606648445048
"Cluster 2",-1,-2.1,-1.41774408089898,-2.73761923151398,2.53629279637312
"Cluster 2",-1,-2.1,-0.959565644340526,-1.68722244177093,2.37578185096336
"Cluster 2",-1,-2.1,-1.23357961433542,-1.78447914881271,2.17953409225944
"Cluster 2",-1,-2.1,-1.62565951201332,-1.94012458432216,3.24878000137545
"Cluster 2",-1,-2.1,-1.81077095738793,-1.33575389207711,2.18852908606873
"Cluster 2",-1,-2.1,-1.74398452473979,-2.69979679754479,2.18912223793314
"Cluster 2",-1,-2.1,-1.25684257697381,-1.82428997605208,2.94826217390823
"Cluster 2",-1,-2.1,-0.751478271548217,-2.31759885956065,1.69099424511972
"Cluster 2",-1,-2.1,-1.17106971367845,-2.13188819173903,3.11160304406382
"Cluster 2",-1,-2.1,-0.623295772558964,-2.63083016508255,2.91807866412379
"Cluster 2",-1,-2.1,-1.37070398877591,-1.71520541176486,2.27614588342558
"Cluster 2",-1,-2.1,-1.73824381779351,-2.73465808915054,2.91506574249648
"Cluster 2",-1,-2.1,-1.0355912822249,-1.50077023911039,2.37893969418172
"Cluster 2",-1,-2.1,-0.525255713583595,-1.71598057246045,1.95221735529808
"Cluster 2",-1,-2.1,-1.00805471535634,-2.59019326047743,3.17813537150335
"Cluster 2",-1,-2.1,-1.25572909691468,-2.46041902791044,2.19535719067688
"Cluster 2",-1,-2.1,-1.2752393504944,-2.25092282438113,3.10997847305268
"Cluster 2",-1,-2.1,-1.59958136291425,-2.18056381513846,2.39191262649631
"Cluster 2",-1,-2.1,-1.22647451423543,-2.38281890601384,2.34315006459092
"Cluster 2",-1,-2.1,-0.905848043849443,-1.8380437912086,2.64591625434625
"Cluster 2",-1,-2.1,-1.60770203575279,-1.58690365695148,3.05538227042206
"Cluster 2",-1,-2.1,-0.95835240633554,-1.94223533356201,2.53848518030241
"Cluster 2",-1,-2.1,-0.737752383723737,-1.32125979652335,2.9040487226817
"Cluster 2",-1,-2.1,-1.1821125631297,-2.08870056878206,1.94258240881795
"Cluster 2",-1,-2.1,-0.53254391717534,-2.07315094867526,2.34861317667662
"Cluster 2",-1,-2.1,-1.58164632161498,-1.46919345899094,3.12281628338483
"Cluster 2",-1,-2.1,-1.25783523001401,-2.61314962659937,1.16432881807883
"Cluster 2",-1,-2.1,-0.603723947298119,-2.42235343247178,2.85483783772135
"Cluster 2",-1,-2.1,-1.8051478427722,-2.11277164848117,1.35433713252345
"Cluster 2",-1,-2.1,-1.39236399095758,-2.77357421017956,2.79558577560439
"Cluster 2",-1,-2.1,-1.51050995925154,-2.39076125673249,3.21600543588115
"Cluster 2",-1,-2.1,-1.37676962749049,-2.30894172590612,3.25635473851243
"Cluster 2",-1,-2.1,-0.320306616866919,-1.59585717419798,0.753355303696886
"Cluster 2",-1,-2.1,-0.586953032756437,-1.91320732030709,2.39639699364923
"Cluster 2",-1,-2.1,-1.51687575593641,-2.25003701880641,1.00282477217162
"Cluster 2",-1,-2.1,-0.934359926247017,-1.96946134461479,0.910212541487994
"Cluster 2",-1,-2.1,-0.697269134027538,-2.03768634707551,2.52345513410559
"Cluster 2",-1,-2.1,-0.735356002681174,-1.6341224521408,1.37494054294129
"Cluster 2",-1,-2.1,-1.14979071475255,-2.09789447687577,2.4524917028335
"Cluster 2",-1,-2.1,-0.660296778544415,-2.00036372894127,2.75022392955911
"Cluster 2",-1,-2.1,-1.05397055553316,-1.18463803782095,2.56612606651324
"Cluster 2",-1,-2.1,-0.543831990607301,-1.05109274351317,3.34141592074374
"Cluster 2",-1,-2.1,-1.41145761110022,-1.55131706020707,2.61145106887109
"Cluster 2",-1,-2.1,-0.149182653031047,-1.76218781265916,2.66029766578411
"Cluster 2",-1,-2.1,-1.05915233373994,-2.12152159281099,3.52271771478728
"Cluster 2",-1,-2.1,-1.5800855801426,-2.54331071106475,3.50058005754225
"Cluster 2",-1,-2.1,-0.906333853860876,-1.84227805493258,2.48351168062164
"Cluster 2",-1,-2.1,-0.810008972414415,-1.59829140692577,2.71757134202667
"Cluster 2",-1,-2.1,-1.4910169217178,-1.74839518018026,2.34653264725127
"Cluster 2",-1,-2.1,-0.747403060418015,-2.03584704771972,4.5822534524628
"Cluster 2",-1,-2.1,-1.12656917160413,-1.99083293558208,0.656563799284998
"Cluster 2",-1,-2.1,-1.18881710731413,-2.25453840701439,2.88679636709972
"Cluster 2",-1,-2.1,-1.34908072501375,-2.32876964775525,1.95202486170468
"Cluster 2",-1,-2.1,-1.36094013367974,-1.85181095288109,1.63646799582595
"Cluster 2",-1,-2.1,-0.118101408814064,-1.52788804289669,2.4190604659819
"Cluster 2",-1,-2.1,-1.58953676393078,-2.27257701554567,1.81703966062249
"Cluster 2",-1,-2.1,-1.14731129488889,-2.83949099335897,3.00979258742308
"Cluster 2",-1,-2.1,-0.195510563789743,-2.70415792425582,2.05884323109043
"Cluster 2",-1,-2.1,-1.38880558434717,-2.15118135912486,3.20057733153365
"Cluster 2",-1,-2.1,-0.0948479979470099,-2.17526394320897,2.72159976503618
"Cluster 2",-1,-2.1,-0.790543018777134,-2.44146644846545,2.66755219524727
"Cluster 2",-1,-2.1,-1.45718292138245,-2.47336244731079,2.67694770049976
"Cluster 2",-1,-2.1,-1.42442895391078,-2.23922306533738,3.10575569093439
"Cluster 2",-1,-2.1,-1.45099346247336,-2.42111476664859,2.04436549852729
"Cluster 2",-1,-2.1,-1.48584490174777,-1.75658272685678,2.33165770869704
"Cluster 2",-1,-2.1,-1.17373761931672,-1.78653416534696,2.4113201259974
"Cluster 2",-1,-2.1,-0.784849546822879,-1.51178732625156,2.95401776345591
"Cluster 2",-1,-2.1,-0.670538214684014,-2.04153809156328,2.41077129018089
"Cluster 2",-1,-2.1,-0.882293006527549,-2.37814607394033,1.26093571578248
"Cluster 2",-1,-2.1,-1.11614941142321,-2.29268153469908,2.83335560412563
"Cluster 2",-1,-2.1,-0.713452600531726,-1.58584889978652,3.01593640736612
"Cluster 2",-1,-2.1,-1.14214646527674,-1.67477465142276,1.68284383336765
"Cluster 2",-1,-2.1,-0.713958812706014,-1.40111462001597,2.42251368876869
"Cluster 2",-1,-2.1,-1.30113056207264,-2.10750630642066,1.70936811190017
"Cluster 2",-1,-2.1,-1.06460175842054,-2.12195322836318,1.95532663402392
"Cluster 2",-1,-2.1,-1.21177147362794,-3.14111238805288,3.28071115223054
"Cluster 2",-1,-2.1,-0.807760687627065,-1.90802413895686,3.43246610271876
"Cluster 2",-1,-2.1,-1.34785911364771,-0.962915380980747,1.68898504557509
"Cluster 2",-1,-2.1,-1.05756683613574,-2.58336033814385,3.1431213422789
"Cluster 2",-1,-2.1,-1.57538070729935,-2.56702126840786,2.49322666837148
"Cluster 2",-1,-2.1,-0.739063513363229,-2.70483124298176,1.97695169630645
"Cluster 2",-1,-2.1,-1.40138250862797,-1.8868608118966,3.46107705742361
"Cluster 2",-1,-2.1,-1.10434211438421,-2.00253135757938,2.37711573152672
"Cluster 2",-1,-2.1,-0.798601407691491,-2.10673302704121,3.56777613728041
"Cluster 2",-1,-2.1,-1.17986153968269,-1.8668880750954,3.61352102207603
"Cluster 2",-1,-2.1,-0.978633278519324,-1.73469210942892,1.62384279196268
"Cluster 2",-1,-2.1,-1.45376858491732,-2.99495374035984,2.58683063138622
"Cluster 2",-1,-2.1,-1.69813462343936,-2.00451919383849,3.53680538901487
"Cluster 2",-1,-2.1,-0.755593199597872,-1.80382895105765,3.19093560134926
"Cluster 2",-1,-2.1,-0.14416706115866,-2.04965684519983,3.87211883283201
"Cluster 3",1.2,1.2,1.10842948421796,1.41514452528421,2.53117041341801
"Cluster 3",1.2,1.2,1.0168963585684,1.28629384046613,0.225687034744956
"Cluster 3",1.2,1.2,0.515487879930973,0.51419230390737,1.3081764784326
"Cluster 3",1.2,1.2,1.25361901204936,0.69345738883188,1.71201419235555
"Cluster 3",1.2,1.2,0.796259760266324,1.34359837308848,1.38913870063036
"Cluster 3",1.2,1.2,1.83514759193863,1.05508304005994,0.467950015964244
"Cluster 3",1.2,1.2,0.971401743985764,1.07018892601129,0.132962679251419
"Cluster 3",1.2,1.2,1.20461683287312,1.3431986981983,0
"Cluster 3",1.2,1.2,0.561452009095923,1.6188138147289,1.21671052696975
"Cluster 3",1.2,1.2,0.845275769461895,1.76324431616779,0.940235069970358
"Cluster 3",1.2,1.2,1.43263537534261,1.12182263373954,1.44298352018099
"Cluster 3",1.2,1.2,1.14033669832455,0.940962775412148,0.0545945768240166
"Cluster 3",1.2,1.2,1.57913981799459,2.11298001708691,0.756029015771014
"Cluster 3",1.2,1.2,1.16675421900428,1.76847843046766,1.08374780317525
"Cluster 3",1.2,1.2,1.0409333723853,0.359863862694758,2.45795763567651
"Cluster 3",1.2,1.2,1.44437689471363,1.18291080415278,0.431342406730099
"Cluster 3",1.2,1.2,1.37098300398547,1.92006493748081,2.3590713425895
"Cluster 3",1.2,1.2,-0.455385856155039,1.34495913809207,0.693007112468434
"Cluster 3",1.2,1.2,1.49051377042775,0.963994491665405,0.213489488439701
"Cluster 3",1.2,1.2,1.36712750578884,1.02275171123357,0
"Cluster 3",1.2,1.2,0.0725326185363055,1.01475065723518,1.53245284844834
"Cluster 3",1.2,1.2,1.39320778381253,1.50511690150822,0.31496428180292
"Cluster 3",1.2,1.2,1.64960924042406,0.931513439883942,0
"Cluster 3",1.2,1.2,0.848611219112866,1.57085385223373,0.871101013090918
"Cluster 3",1.2,1.2,0.993487174315846,1.10179010691547,0.543599130775175
"Cluster 3",1.2,1.2,0.895618980798185,0.683965824559546,0.666093412043838
"Cluster 3",1.2,1.2,1.12284719557727,1.09055621267859,0
"Cluster 3",1.2,1.2,1.1151704177326,2.36647488697624,0.633435298083293
"Cluster 3",1.2,1.2,0.966050686399758,1.06229760420904,1.56518384990893
"Cluster 3",1.2,1.2,1.18825875414729,1.04290937756061,0.902353661792109
"Cluster 3",1.2,1.2,1.09832831813891,1.32912965423037,0.113170187857992
"Cluster 3",1.2,1.2,1.01096257518075,1.37601032543738,1.26965600406418
"Cluster 3",1.2,1.2,1.15299618304722,1.14911481747954,1.1515929269571
"Cluster 3",1.2,1.2,0.885299396067322,1.12769600965268,0.959514382991164
"Cluster 3",1.2,1.2,1.38447026194182,1.85619362535045,0
"Cluster 3",1.2,1.2,1.53364485147084,0.469943592751603,0
"Cluster 3",1.2,1.2,0.449008593314377,0.915377903971162,0.986454585353387
"Cluster 3",1.2,1.2,1.06648031673545,1.91149705751429,0
"Cluster 3",1.2,1.2,1.551449817984,1.53158710392593,0.478031963007512
"Cluster 3",1.2,1.2,0.106580233420856,0.746173965061503,0.219894917056177
"Cluster 3",1.2,1.2,1.75257457849757,0.595969312526871,0.549316582969138
"Cluster 3",1.2,1.2,0.814352098250927,1.36709733506354,0.851033321878354
"Cluster 3",1.2,1.2,1.50906888743836,1.63375813763227,0.420127707656736
"Cluster 3",1.2,1.2,0.84737157029452,1.1569678414663,0
"Cluster 3",1.2,1.2,1.0036553000561,2.14293819010748,0.680938640227662
"Cluster 3",1.2,1.2,1.01026582975237,1.15475329475336,1.17178093120713
"Cluster 3",1.2,1.2,1.15559081766505,0.807790202029138,0.0554118188793848
"Cluster 3",1.2,1.2,1.65439159114345,1.67759750282089,1.4538251677037
"Cluster 3",1.2,1.2,1.12201692617881,1.42913831540986,0.361936186189358
"Cluster 3",1.2,1.2,1.73860529427572,1.50853478799718,0
"Cluster 3",1.2,1.2,1.26513196780082,0.759004661877983,1.29891514147373
"Cluster 3",1.2,1.2,1.75320159229461,1.19893283029238,0.532921799642742
"Cluster 3",1.2,1.2,1.18232203405831,1.42835968597156,1.37435067708238
"Cluster 3",1.2,1.2,1.51766597225506,1.07280129364077,0
"Cluster 3",1.2,1.2,1.11117760810294,1.20153427798947,1.10474393386819
"Cluster 3",1.2,1.2,1.18368579377308,0.788398954803669,0.81526657698418
"Cluster 3",1.2,1.2,1.67382047988885,1.26551723149249,1.65053736895718
"Cluster 3",1.2,1.2,1.31042589679766,1.36296045103867,0.733027190107568
"Cluster 3",1.2,1.2,0.740820838149839,1.41761134893786,2.96915099320078
"Cluster 3",1.2,1.2,1.57551434879992,1.54756030703837,0.755168253124292
"Cluster 3",1.2,1.2,0.792064876177751,1.0666030843204,0
"Cluster 3",1.2,1.2,2.02469792405145,1.23180773727608,1.07817495125433
"Cluster 3",1.2,1.2,1.25573918109817,0.197051416204019,1.08460153509577
"Cluster 3",1.2,1.2,1.64533225074451,0.700632235793638,0.0170089681883612
"Cluster 3",1.2,1.2,1.23043800414742,1.21123428494309,0
"Cluster 3",1.2,1.2,0.906119842290317,0.989276429638015,0.497441510738019
"Cluster 3",1.2,1.2,1.46255168059822,1.22715664474491,1.38083704139543
"Cluster 3",1.2,1.2,1.67722932076352,0.566315527122371,1.54500048551351
"Cluster 3",1.2,1.2,1.37610263491419,0.930029862852122,0.333060284715339
"Cluster 3",1.2,1.2,1.56077397469392,1.59964748909788,0
"Cluster 3",1.2,1.2,1.61889685621351,1.57661546482773,0.89133848737904
"Cluster 3",1.2,1.2,1.21756930372159,0.794543468838626,0.980970485847693
"Cluster 3",1.2,1.2,0.418397107126104,0.946357598925195,0.0303543435338105
"Cluster 3",1.2,1.2,1.50853333560183,1.77173320593389,0.585709615264313
"Cluster 3",1.2,1.2,1.06787866534873,1.01274876961603,0.650766783669078
"Cluster 3",1.2,1.2,1.00524314055373,1.27939705002804,0.628163194470472
"Cluster 3",1.2,1.2,0.81697267959067,0.699602072593224,0
"Cluster 3",1.2,1.2,1.10027653663987,1.60000267954655,0.452104686889154
"Cluster 3",1.2,1.2,1.00251965201262,1.24571806423734,1.22534013426777
"Cluster 3",1.2,1.2,1.27700529724843,0.44416811616592,1.72472915683862
"Cluster 3",1.2,1.2,0.917959808585828,1.51880226812523,1.22160559752254
"Cluster 3",1.2,1.2,1.1436286308743,1.45568794436146,0.308239089160487
"Cluster 3",1.2,1.2,0.966342791553946,1.40168512146728,1.97996356465103
"Cluster 3",1.2,1.2,1.21369822000725,1.4284779391612,1.7831722072391
"Cluster 3",1.2,1.2,1.33229675529399,0.994301085030857,0.406324659122052
"Cluster 3",1.2,1.2,1.70430463832929,1.46655390746898,0.661507224386006
"Cluster 3",1.2,1.2,0.851948750363639,0.529652550604191,1.09324589538349
"Cluster 3",1.2,1.2,1.1796764536984,0.716748835987268,1.85621956459052
"Cluster 3",1.2,1.2,1.32488400580751,0.651563502159269,1.2799897158358
"Cluster 3",1.2,1.2,1.1253589856836,1.77401016283348,1.32049583716269
"Cluster 3",1.2,1.2,1.12654762367913,1.4755189784054,0
"Cluster 3",1.2,1.2,1.18111487282129,1.3542721012581,1.07048229202228
"Cluster 3",1.2,1.2,0.733842040091024,1.30012759649241,1.10862596495402
"Cluster 3",1.2,1.2,0.874712171071731,0.86875720584367,1.04956162346366
"Cluster 3",1.2,1.2,1.33304925760838,1.43223546245403,0.522312510204539
"Cluster 3",1.2,1.2,1.18291531727912,2.18818229950785,1.87451838087176
"Cluster 3",1.2,1.2,1.3126002399872,1.29828073496624,0.959012703057241
"Cluster 3",1.2,1.2,1.83182746957968,0.649353391752177,0.4825148173126
"Cluster 3",1.2,1.2,1.16993039777082,1.70110905963134,0.885651642931664
"Cluster 3",1.2,1.2,0.555438201296341,1.82298984657164,0.72344305364938
"Cluster 3",1.2,1.2,1.70486304754965,1.29151035892937,0
"Cluster 3",1.2,1.2,1.49046548431966,1.00253318732496,0.529916609588158
"Cluster 3",1.2,1.2,1.98119379269701,2.02656391801789,1.45532698891845
"Cluster 3",1.2,1.2,2.04575886163887,0.584405872141273,0.53725745982484
"Cluster 3",1.2,1.2,1.41121939783114,1.02576730917394,0.979682327993427
"Cluster 3",1.2,1.2,1.55643991887163,0.670955654373363,0.167398532977559
"Cluster 3",1.2,1.2,1.26815331306923,1.80609461168871,0.367491172143268
"Cluster 3",1.2,1.2,0.722475439413546,0.86648944728272,0.099626826182979
"Cluster 3",1.2,1.2,1.19318644523125,1.10348450414682,2.42935879652829
"Cluster 3",1.2,1.2,1.17091608423089,0.708830265508425,0
"Cluster 3",1.2,1.2,1.91366843246225,0.308445451047305,0.242026417099105
"Cluster 3",1.2,1.2,0.75246685647635,0.994083246995517,1.94427527650536
"Cluster 3",1.2,1.2,1.6522563373878,1.14179747900833,1.06632389071807
"Cluster 3",1.2,1.2,1.54063144483214,1.50952040835738,0.540588253284075
"Cluster 3",1.2,1.2,1.09701112731152,1.04815064246692,1.48803572699967
"Cluster 3",1.2,1.2,1.24776467763563,0.581043888015373,0
"Cluster 3",1.2,1.2,1.04455131361066,1.41797924455609,0.368881192294813
"Cluster 4",2.8,-0.4,2.06538562494781,-0.177089021068558,0.235823934317021
"Cluster 4",2.8,-0.4,1.59042948015893,-0.31240693151918,0.0608809368905927
"Cluster 4",2.8,-0.4,2.39365988254165,-0.49969168558635,1.37413378742722
"Cluster 4",2.8,-0.4,2.76968182453104,-0.682888055851491,0.517313410538329
"Cluster 4",2.8,-0.4,2.27763186833141,-1.06657243429198,0.611632043973682
"Cluster 4",2.8,-0.4,3.12881573642718,-0.934624341183885,0.388928755180683
"Cluster 4",2.8,-0.4,2.54431328984492,-0.605897197411643,1.64406509756579
"Cluster 4",2.8,-0.4,2.06982508397409,-0.768883196183325,0.691202505711947
"Cluster 4",2.8,-0.4,2.24129448612136,-0.254484934881032,0
"Cluster 4",2.8,-0.4,2.43145551664466,-0.793564005866165,1.38844706845539
"Cluster 4",2.8,-0.4,2.48298958804016,0.203672162509929,2.30389917038388
"Cluster 4",2.8,-0.4,2.9287270711259,-0.217185644550104,1.04607673754394
"Cluster 4",2.8,-0.4,3.08769573438864,-0.326544781641534,0.230420870095348
"Cluster 4",2.8,-0.4,2.42031746683157,-0.156330202396068,0.678916842955455
"Cluster 4",2.8,-0.4,2.59522543582058,0.199967505471191,0.76188691684346
"Cluster 4",2.8,-0.4,3.12554491080859,-0.0853050955779969,1.26137611574737
"Cluster 4",2.8,-0.4,3.00500729494486,-0.634504680800986,0.810550418164245
"Cluster 4",2.8,-0.4,3.06705272405567,-0.312867076514684,0.573728987976627
"Cluster 4",2.8,-0.4,2.47059626370765,-1.16700987218897,0
"Cluster 4",2.8,-0.4,3.5089975682568,0.184064572380446,0.241719362712038
"Cluster 4",2.8,-0.4,2.22051204823098,-0.649232048579308,0
"Cluster 4",2.8,-0.4,3.13871312585272,-0.520534939536368,1.42562723213849
"Cluster 4",2.8,-0.4,2.81391683073725,0.015165275544846,1.1831787892762
"Cluster 4",2.8,-0.4,3.56624204960051,-1.05406994826356,0
"Cluster 4",2.8,-0.4,2.7020444449602,-0.890096938365989,1.22274634389138
"Cluster 4",2.8,-0.4,2.94367168244421,-1.36344383172425,0.606612889023704
"Cluster 4",2.8,-0.4,3.07667282777282,-0.675261167840703,2.4925958089996
"Cluster 4",2.8,-0.4,2.75052562067796,-0.56583299233485,0.445765517642596
"Cluster 4",2.8,-0.4,2.30382353864951,-0.818157898269282,0.150972480433351
"Cluster 4",2.8,-0.4,2.6720737048436,-0.687246420337537,0.642786098215711
"Cluster 4",2.8,-0.4,2.66285873766242,-0.634005501996754,0.955673516703719
"Cluster 4",2.8,-0.4,2.62887385003246,-0.498451608637136,0.370589063701668
"Cluster 4",2.8,-0.4,2.29946634358199,-0.237795050883661,1.30437949094995
"Cluster 4",2.8,-0.4,2.63050199314383,-0.688096667054636,1.33558200854417
"Cluster 4",2.8,-0.4,3.67269976959809,-0.625709678998117,1.0088319247808
"Cluster 4",2.8,-0.4,2.56541224811459,-1.12647217733207,1.82374394526024
"Cluster 4",2.8,-0.4,2.64518964255044,-0.446703922475413,0.178133701190456
"Cluster 4",2.8,-0.4,2.89073545321033,-0.0512306539926616,1.02970761144765
"Cluster 4",2.8,-0.4,3.13715771788508,0.431571732728669,0.942266957329302
"Cluster 4",2.8,-0.4,2.97086264770315,-0.725792538306819,1.1426181387443
"Cluster 4",2.8,-0.4,1.83269395978868,-0.907638723573041,0.178544974193294
"Cluster 4",2.8,-0.4,2.65214252946539,-0.397450859750724,0.934807219690821
"Cluster 4",2.8,-0.4,3.23049532000365,-0.328914190761059,1.42916776091166
"Cluster 4",2.8,-0.4,2.77686018458062,-0.149377722566902,0
"Cluster 4",2.8,-0.4,2.89584501017827,-0.462229516770877,1.08647077803329
"Cluster 4",2.8,-0.4,3.15622229023093,-0.800288238486166,0.290515159196212
"Cluster 4",2.8,-0.4,2.27468674332927,0.292313695617546,1.82956739332772
"Cluster 4",2.8,-0.4,3.05552145795507,-0.598506557340993,2.27439065905687
"Cluster 4",2.8,-0.4,2.67442995913787,-0.655253781375731,0.474755394217541
"Cluster 4",2.8,-0.4,2.66546676446221,-0.604546227155141,1.87811899807809
"Cluster 4",2.8,-0.4,3.16542276491458,-0.772477975187522,0
"Cluster 4",2.8,-0.4,2.73372969093909,-0.334524874955292,1.22388272763994
"Cluster 4",2.8,-0.4,2.46274251929836,-0.362050874894161,0.537486719187029
"Cluster 4",2.8,-0.4,2.6732752381292,-0.181965022180767,0
"Cluster 4",2.8,-0.4,2.76532104720942,0.460910862290721,0.981352529853516
"Cluster 4",2.8,-0.4,2.68506638529848,-0.996632442667763,0.699235380056007
"Cluster 4",2.8,-0.4,3.06794847636815,-0.387591305718587,0.895753602471926
"Cluster 4",2.8,-0.4,2.3366528229744,0.107625707411824,0.864978295065784
"Cluster 4",2.8,-0.4,2.21904362218308,-0.420312742720762,0.867291734891387
"Cluster 4",2.8,-0.4,3.65723839544893,-0.0491911887359519,1.21076489518272
"Cluster 4",2.8,-0.4,2.07855615213519,0.164837035572896,0.562910446670237
"Cluster 4",2.8,-0.4,3.07052860720437,-0.492482126609338,2.00265158257571
"Cluster 4",2.8,-0.4,3.4993900153489,-0.577193551977228,0.892073286343937
"Cluster 4",2.8,-0.4,2.2727033853479,-0.770701752577363,1.11184888085718
"Cluster 4",2.8,-0.4,1.89380909129821,0.327569367675614,0.773237649031555
"Cluster 4",2.8,-0.4,3.28559547494853,-0.325904877101517,1.86806750805927
"Cluster 4",2.8,-0.4,2.11728102660763,-0.106155058776013,1.05319067106691
"Cluster 4",2.8,-0.4,2.85593259529534,-0.419532239985984,0
"Cluster 4",2.8,-0.4,3.19447262912462,-0.712832989196799,0
"Cluster 4",2.8,-0.4,3.30092518667224,-0.678127849581778,0.389697326958738
"Cluster 4",2.8,-0.4,2.90676853679229,-0.349328156268931,0.0146578020786096
"Cluster 4",2.8,-0.4,2.30472429849125,0.451231953019673,1.06388895532897
"Cluster 4",2.8,-0.4,3.16682268905053,-1.37332987018236,1.07451604495268
"Cluster 4",2.8,-0.4,2.98926332734727,-0.337349428955396,0.343232092827893
"Cluster 4",2.8,-0.4,2.32968366671281,-0.821327511245451,1.52122624241726
"Cluster 4",2.8,-0.4,3.60738788766007,-0.918159551981302,0
"Cluster 4",2.8,-0.4,2.6917643488749,0.235342377722473,0.305995138995856
"Cluster 4",2.8,-0.4,2.91146656133719,-0.529936449949214,0
"Cluster 4",2.8,-0.4,2.33979286673822,0.00478542254985936,0
"Cluster 4",2.8,-0.4,3.08259949348563,0.0518769671695584,1.36549311402151
"Cluster 4",2.8,-0.4,2.55754338591039,0.390493666583527,0.809039761012457
"Cluster 4",2.8,-0.4,2.85059228520986,0.0401397400930318,1.47415569827687
"Cluster 4",2.8,-0.4,2.44537178795221,-0.24344139267808,0.518116972935539
"Cluster 4",2.8,-0.4,2.59566365939726,-0.0830971549596339,1.330191248103
"Cluster 4",2.8,-0.4,2.28108435761789,-0.679114235803742,0.728783189776784
"Cluster 4",2.8,-0.4,3.10171472591464,-0.614759076770344,0.828061181322642
"Cluster 4",2.8,-0.4,3.37784476757835,-0.795068651330442,0
"Cluster 4",2.8,-0.4,2.24308034037821,-0.224881093935972,0.430419593514505
"Cluster 4",2.8,-0.4,2.51883876750114,-0.141470926895463,1.81819835853753
"Cluster 4",2.8,-0.4,3.00839479827399,-0.623136999886204,1.35674208484767
"Cluster 4",2.8,-0.4,3.37558051003769,-0.5639610789444,0.330756690530773
"Cluster 5",-2.3,-0.7,-2.37922879932478,-0.180655881533481,2.00879962296203
"Cluster 5",-2.3,-0.7,-2.45428721311256,-0.811880712800719,2.03404882773062
"Cluster 5",-2.3,-0.7,-2.21694356071428,-0.575729923744604,4.60746658876749
"Cluster 5",-2.3,-0.7,-2.30629040923301,-1.29645060758857,2.61225696016062
"Cluster 5",-2.3,-0.7,-1.87763787094019,-0.333251894085799,3.88562253122741
"Cluster 5",-2.3,-0.7,-2.24057711277958,-0.0835289831058244,1.96138022886129
"Cluster 5",-2.3,-0.7,-2.54560151675204,-1.14436613208943,2.2518194090577
"Cluster 5",-2.3,-0.7,-3.43640080829587,-0.555695123297912,2.52827196661461
"Cluster 5",-2.3,-0.7,-1.95670741856674,-0.433145578817097,1.09062901259116
"Cluster 5",-2.3,-0.7,-2.79871960822391,-0.431421372922582,2.21431280767343
"Cluster 5",-2.3,-0.7,-3.26563893985976,-0.227640240810773,0.907856022180737
"Cluster 5",-2.3,-0.7,-2.26981432174109,-1.21571679440224,3.84999801212848
"Cluster 5",-2.3,-0.7,-2.14095708053305,-0.205549376801015,2.79100509866166
"Cluster 5",-2.3,-0.7,-2.22863443620914,-1.55177885962822,3.0600009038609
"Cluster 5",-2.3,-0.7,-2.0281890657292,-0.630990907536361,2.97480952677321
"Cluster 5",-2.3,-0.7,-1.68649217729193,-0.626879577443187,1.94797962146306
"Cluster 5",-2.3,-0.7,-2.40990768879637,-0.893944301565541,1.77676296349785
"Cluster 5",-2.3,-0.7,-2.29031766242464,-0.73112483498689,1.21337194628157
"Cluster 5",-2.3,-0.7,-2.44647028443266,-0.948156794162141,3.03155649502923
"Cluster 5",-2.3,-0.7,-2.02366456763201,-1.58384775608961,2.27392656226185
"Cluster 5",-2.3,-0.7,-2.15468913329622,-1.28483118366996,2.71144530239048
"Cluster 5",-2.3,-0.7,-1.86992927978423,-1.68688009202508,1.24161314927524
"Cluster 5",-2.3,-0.7,-1.88712102788621,-0.153789375243482,2.91336196829453
"Cluster 5",-2.3,-0.7,-1.97790795617639,-0.283926713404221,3.28824667666124
"Cluster 5",-2.3,-0.7,-2.49397619689795,-0.019796013012137,2.81764887907477
"Cluster 5",-2.3,-0.7,-2.13556515975046,-0.947934718554638,2.40055052383439
"Cluster 5",-2.3,-0.7,-2.16361224184156,-0.546680252973139,3.31594483874551
"Cluster 5",-2.3,-0.7,-2.11950817042022,-0.541308641020389,2.74654292082238
"Cluster 5",-2.3,-0.7,-2.14336997131682,-0.0688829919381875,2.87679111333854
"Cluster 5",-2.3,-0.7,-2.51560955046497,-0.646621900199227,1.8729977494017
"Cluster 5",-2.3,-0.7,-2.1829408756143,-1.70731084887726,3.61401782690111
"Cluster 5",-2.3,-0.7,-2.22573378408539,-0.443206276237379,3.11159097164591
"Cluster 5",-2.3,-0.7,-2.28627443299425,-1.12419041669825,2.01432461890854
"Cluster 5",-2.3,-0.7,-2.11647642613485,-0.152902371061319,2.04583670383039
"Cluster 5",-2.3,-0.7,-2.15504943085079,-0.484595352195993,3.16354935518532
"Cluster 5",-2.3,-0.7,-2.15451254817296,-0.715952953329248,2.727371253903
"Cluster 5",-2.3,-0.7,-2.30183105433442,-0.175367997777336,2.95869906479478
"Cluster 5",-2.3,-0.7,-2.83645390329061,-0.612450577317764,3.14009931638367
"Cluster 5",-2.3,-0.7,-2.23100495489623,-0.894414828539075,4.5104410681819
"Cluster 5",-2.3,-0.7,-2.80169123623823,-0.589371241919928,1.12610588737058
"Cluster 5",-2.3,-0.7,-2.0842360927107,0.132025160802536,2.09433038282808
"Cluster 5",-2.3,-0.7,-3.23787916255101,-0.634994249009238,3.53438657869744
"Cluster 5",-2.3,-0.7,-2.72543248654937,-0.674427184874618,2.22205882056865
"Cluster 5",-2.3,-0.7,-2.661085073959,-0.724885021226214,3.17932695447896
"Cluster 5",-2.3,-0.7,-2.8263820312845,-1.04458263258398,2.93701389472746
"Cluster 5",-2.3,-0.7,-2.23017079473422,-0.785599510926028,3.10208890390359
"Cluster 5",-2.3,-0.7,-2.23250165237405,-0.585923603961053,2.46983412060259
"Cluster 5",-2.3,-0.7,-2.00123469399043,-0.845999720125035,1.48689329050242
"Cluster 5",-2.3,-0.7,-2.19461640256688,0.15257820131458,2.26469353702987
"Cluster 5",-2.3,-0.7,-2.54253067550501,-1.51366567974116,2.34153505273326
"Cluster 5",-2.3,-0.7,-1.88656245622248,-0.261104686922142,2.47104051920663
"Cluster 5",-2.3,-0.7,-2.6325939137358,-1.28687343567646,1.68507828559529
"Cluster 5",-2.3,-0.7,-1.33853474424444,-0.372605978145038,4.11069665502461
"Cluster 5",-2.3,-0.7,-2.19367052339079,0.0365524346216536,1.7213373282236
"Cluster 5",-2.3,-0.7,-2.05897036897099,-0.418716299517548,2.10304031472024
"Cluster 5",-2.3,-0.7,-2.65381963830981,-1.03569682232529,2.24088268299091
"Cluster 5",-2.3,-0.7,-1.80465478361528,-0.468689198503172,3.30451173427405
"Cluster 5",-2.3,-0.7,-2.58254455271926,-0.787904108571048,3.79241978350565
"Cluster 5",-2.3,-0.7,-2.518264670165,-0.801822708314455,1.55011386925988
"Cluster 5",-2.3,-0.7,-1.81787231464918,-0.434267247301402,2.40365851419667
"Cluster 5",-2.3,-0.7,-2.36294632026043,-0.0758198012898462,3.12202450301721
"Cluster 5",-2.3,-0.7,-1.8036452443264,-0.881297950632035,1.8905285201654
"Cluster 5",-2.3,-0.7,-2.75762956433215,-1.17400065935361,1.37808999067852
"Cluster 5",-2.3,-0.7,-2.09467956055423,-0.715878137480504,2.71368646133659
"Cluster 5",-2.3,-0.7,-2.22947984655694,-0.568998624027711,1.80444461858507
"Cluster 5",-2.3,-0.7,-2.86379088347947,-0.212341335069002,1.34894016924056
"Cluster 5",-2.3,-0.7,-2.48008416452468,-1.25242648381876,2.16026322295894
"Cluster 5",-2.3,-0.7,-2.05328201424299,-0.55611522143678,4.16462892265511
"Cluster 5",-2.3,-0.7,-0.988912369508733,-1.08742626974667,1.23779318019473
"Cluster 5",-2.3,-0.7,-1.94760010972917,-0.815637222079896,3.16994710818426
"Cluster 5",-2.3,-0.7,-2.4097021009031,-1.06694254687969,2.02340395032662
"Cluster 5",-2.3,-0.7,-3.00460795111613,-0.205348777667645,3.02432713163692
"Cluster 5",-2.3,-0.7,-2.23527552939419,-0.315122310473225,2.0251469222867
"Cluster 5",-2.3,-0.7,-2.08935642231403,-1.62588353613506,2.7923024032011
"Cluster 5",-2.3,-0.7,-2.14143116026626,-0.586156401340214,3.09136879025748
"Cluster 5",-2.3,-0.7,-2.66123060870878,-0.710345997684076,3.26286067127709
"Cluster 5",-2.3,-0.7,-2.10997256061547,-0.762054750166468,3.09991177594355
"Cluster 5",-2.3,-0.7,-2.28977564239066,-0.942774690978806,4.14376717879026
"Cluster 5",-2.3,-0.7,-1.98137051850075,-1.15200023355554,1.34685976753746
"Cluster 5",-2.3,-0.7,-2.24698218680742,-0.946339377276936,2.36892552052727
"Cluster 5",-2.3,-0.7,-1.56330855149065,-0.766845387943117,1.50009406323731
"Cluster 5",-2.3,-0.7,-3.51988763231729,-0.294871807348773,3.19520653910939
"Cluster 5",-2.3,-0.7,-3.1196842653691,-0.414154061104792,3.29112268732651
"Cluster 5",-2.3,-0.7,-2.6358826076008,-1.02905249457586,4.20855467147878
"Cluster 5",-2.3,-0.7,-1.8785539412487,-0.184817281049534,1.41594870092288
"Cluster 5",-2.3,-0.7,-2.53260440836316,-0.369792076077545,2.22224608904262
"Cluster 5",-2.3,-0.7,-1.99994842081961,-0.894795988608638,2.72877636750154
"Cluster 5",-2.3,-0.7,-2.11615413267214,-0.903905375276575,3.335971687557
"Cluster 5",-2.3,-0.7,-2.13194818257492,-0.188911574719381,2.35012160148995
"Cluster 5",-2.3,-0.7,-2.04037209108582,-0.220232334171684,2.49240949291893
"Cluster 5",-2.3,-0.7,-2.25544641010666,-0.807966720718052,1.73286706804179
"Cluster 5",-2.3,-0.7,-2.27090355325589,-0.955684886380705,1.42056557586313
"Cluster 5",-2.3,-0.7,-2.53802428067209,-1.29355287193785,1.47636068699402
"Cluster 5",-2.3,-0.7,-2.26306360086935,-0.12351933603216,3.48627187647628
"Cluster 5",-2.3,-0.7,-1.91694875785371,-0.266977808429791,3.35894300196393
"Cluster 5",-2.3,-0.7,-1.62416203190052,-0.366948756082992,4.86095156158293
"Cluster 5",-2.3,-0.7,-2.35190281698358,-1.24421182421775,4.26584509377518
"Cluster 5",-2.3,-0.7,-2.03266091585463,-0.771722850893987,4.74353076004879
"Cluster 6",0.2,2.5,0.0656504918973664,2.14546837366114,1.30943541659855
"Cluster 6",0.2,2.5,0.79848707070456,2.4485224699901,0.577759378310749
"Cluster 6",0.2,2.5,-0.328985657019252,2.38847463077963,0.320323526640082
"Cluster 6",0.2,2.5,0.541003890703399,2.72782999592073,1.77571387141826
"Cluster 6",0.2,2.5,0.218076678242107,2.45446801354216,0.52714051633772
"Cluster 6",0.2,2.5,0.54979408648528,2.74141131673565,1.65944043263511
"Cluster 6",0.2,2.5,0.240135034117538,2.57149343544822,2.72354177061549
"Cluster 6",0.2,2.5,0.0717321372706068,2.67662508444063,0.728743520390741
"Cluster 6",0.2,2.5,-0.464954572510136,2.45350490170009,0.348737837791487
"Cluster 6",0.2,2.5,0.268836273986516,3.11966468518507,1.55644455092284
"Cluster 6",0.2,2.5,-0.686811975830231,3.07875449501069,0
"Cluster 6",0.2,2.5,-0.234224773130516,3.2705111910218,0.87244920659402
"Cluster 6",0.2,2.5,-0.398464653858755,3.63908214659972,0
"Cluster 6",0.2,2.5,0.376491862019667,2.45909990129666,0.717753406048215
"Cluster 6",0.2,2.5,0.226158523516459,3.38753474970308,0
"Cluster 6",0.2,2.5,-0.256792529245962,2.52426910286485,2.22952049688788
"Cluster 6",0.2,2.5,-0.254941885447887,2.66208067760504,0.145061961283035
"Cluster 6",0.2,2.5,0.0593796350777125,2.92083499548535,1.38361486502269
"Cluster 6",0.2,2.5,-0.0121430712659374,1.81598467863455,1.5276183825018
"Cluster 6",0.2,2.5,-0.471971026559721,2.31638595969888,1.18529137735589
"Cluster 6",0.2,2.5,-0.296279107617543,2.51945152603722,0.843582877723533
"Cluster 6",0.2,2.5,0.0488898314787891,2.36682149873451,1.3409398857681
"Cluster 6",0.2,2.5,0.0945448838465537,2.20748853345628,1.30060578383161
"Cluster 6",0.2,2.5,0.00880362994825629,2.42020512332639,0
"Cluster 6",0.2,2.5,0.0734963362390512,3.2126000342166,0.812575697687611
"Cluster 6",0.2,2.5,-0.274802103690333,2.38517234397068,1.14382052415179
"Cluster 6",0.2,2.5,0.531921183610332,2.4612781304473,0.726599844619299
"Cluster 6",0.2,2.5,-0.371487671481246,2.96012659698819,1.6321802337068
"Cluster 6",0.2,2.5,-0.031057049500006,2.67650783435368,1.30495831334734
"Cluster 6",0.2,2.5,-0.0271478836558645,1.9791211651895,0.482930565424758
"Cluster 6",0.2,2.5,-0.0310729639174829,2.63067590419653,0.495206397178255
"Cluster 6",0.2,2.5,-0.19608572906785,3.10800799248601,1.27469870347863
"Cluster 6",0.2,2.5,0.154232133592103,3.00991434277835,0.339423553338132
"Cluster 6",0.2,2.5,0.304252931246306,2.45640094203802,0
"Cluster 6",0.2,2.5,0.636368133980449,3.27558230714495,0.763525805586491
"Cluster 6",0.2,2.5,0.784418719482879,2.50973477727499,0.972299464933423
"Cluster 6",0.2,2.5,0.539940929437936,1.98366660818686,1.72083852962326
"Cluster 6",0.2,2.5,0.290898059020944,2.79520529113785,0.0130489415906626
"Cluster 6",0.2,2.5,0.308600172023435,2.01582034304626,0.379397773889527
"Cluster 6",0.2,2.5,0.921391584645198,2.57105830014003,1.01602832356594
"Cluster 6",0.2,2.5,0.202778557001854,3.23179168504691,0.244648199439781
"Cluster 6",0.2,2.5,0.0376468445856288,3.49743610667465,0.989950825554977
"Cluster 6",0.2,2.5,0.593168553543937,1.90694569371775,1.42790898087933
"Cluster 6",0.2,2.5,0.946856128316733,2.76075239789664,0.344536677690938
"Cluster 6",0.2,2.5,0.162043815325536,2.13512071080252,1.32929336551103
"Cluster 6",0.2,2.5,0.95060020135696,1.82408479356913,1.10592237720868
"Cluster 6",0.2,2.5,0.180703901245497,2.96184914752524,0
"Cluster 6",0.2,2.5,0.476898088036843,1.82423312135101,1.27975536058349
"Cluster 6",0.2,2.5,-0.60009488790071,2.68216340450612,1.47980447113326
"Cluster 6",0.2,2.5,0.183347791805738,1.88460666855472,0.285297544119305
"Cluster 6",0.2,2.5,0.165403642848761,2.95199290037275,0.797344842858167
"Cluster 6",0.2,2.5,-0.242856557826385,1.90521650846735,0
"Cluster 6",0.2,2.5,0.394482870487871,2.04031622485732,2.77737097319762
"Cluster 6",0.2,2.5,0.649906911439195,2.38608023639224,1.65235917427289
"Cluster 6",0.2,2.5,-0.23176526058793,2.2872361119851,0.985052736114124
"Cluster 6",0.2,2.5,0.768484551044079,2.68922211887872,0.32470133895922
"Cluster 6",0.2,2.5,0.757334702122028,1.91647107485437,0.0243004575973476
"Cluster 6",0.2,2.5,0.279625611662019,2.10998731733457,1.96300431742204
"Cluster 6",0.2,2.5,0.646590109552296,2.7408507833405,0
"Cluster 6",0.2,2.5,0.509307999266321,1.94891762634931,1.38254919809898
"Cluster 6",0.2,2.5,0.65344599732542,2.65175674155368,1.92115964086009
"Cluster 6",0.2,2.5,-0.110669368210556,2.19242971860991,1.25300557463988
"Cluster 6",0.2,2.5,0.65886620827375,2.28509035930768,1.98550302560902
"Cluster 6",0.2,2.5,0.682691943134137,2.55072084705052,0.806198181182363
"Cluster 6",0.2,2.5,1.02975298841308,2.19396307471343,0
"Cluster 6",0.2,2.5,0.862982136875304,2.03911416912346,1.15441172151242
"Cluster 6",0.2,2.5,0.699911252235301,3.04506835536441,0.541044837504356
"Cluster 6",0.2,2.5,0.916216989955078,2.79845368601142,1.35304325809195
"Cluster 6",0.2,2.5,0.398570136584367,2.9678803957278,1.75745795753568
"Cluster 6",0.2,2.5,0.409204611053101,3.3380078806167,0.345767567727984
"Cluster 6",0.2,2.5,0.452583710499208,3.31831127444065,0.395268372925415
"Cluster 6",0.2,2.5,0.19112982242726,2.47955689970311,0.34191990567102
"Cluster 6",0.2,2.5,0.166679274421685,2.34006033831871,1.20548887234401
"Cluster 6",0.2,2.5,1.27802845808365,2.62792938954152,0.337606702071106
"Cluster 6",0.2,2.5,-0.948876269184882,2.24149983518758,0.878213329973005
"Cluster 6",0.2,2.5,-0.25633077672453,2.14523566890208,0.757134625228983
"Cluster 6",0.2,2.5,-0.472461577107341,2.06208013845474,0.869137897543239
"Cluster 6",0.2,2.5,0.408965492821536,2.67871190089941,0.747979754472242
"Cluster 6",0.2,2.5,-0.089337495635847,2.9366818500118,0
"Cluster 6",0.2,2.5,-0.205582795069105,3.26784566851983,0.688020481956065
"Cluster 6",0.2,2.5,-0.526652016779135,2.48815771134813,1.21797806700945
"Cluster 6",0.2,2.5,0.546714570502787,2.28211586490312,2.16500770860356
"Cluster 6",0.2,2.5,-0.122463559662176,2.19996087040957,0.770360143438429
"Cluster 6",0.2,2.5,0.693369185274835,2.95953248224339,1.36708953965835
"Cluster 6",0.2,2.5,-0.748223741240967,2.55110861310392,1.46713500003891
"Cluster 6",0.2,2.5,0.203872795063256,3.19706977208661,1.41971828357801
"Cluster 6",0.2,2.5,0.0909491043968394,1.89222128808758,1.45871345139075
"Cluster 6",0.2,2.5,-0.394628236377695,2.85508428908477,1.06050811506849
"Cluster 6",0.2,2.5,-0.266021211139335,3.30730855461875,0.0908353955596736
"Cluster 6",0.2,2.5,0.774292200976101,2.69302442453188,1.08283557136993
"Cluster 6",0.2,2.5,0.538765290102312,2.22181654570795,1.40595169666053
"Cluster 6",0.2,2.5,-1.19480318382674,2.30391094358456,1.42894717522431
"Cluster 7",3,2,2.93125060681195,1.68190811139269,1.36720788034861
"Cluster 7",3,2,2.78804140256469,2.22677431135812,0.351060870728131
"Cluster 7",3,2,2.9033221489746,1.73730033821674,0.717409177515628
"Cluster 7",3,2,3.40152381531099,2.03014977349853,1.18097914064393
"Cluster 7",3,2,3.14735645516453,1.98865969620015,2.49598851034605
"Cluster 7",3,2,3.05388138506143,1.800125410874,2.66663024809517
"Cluster 7",3,2,3.41281753073379,2.2985696596416,2.54480211927836
"Cluster 7",3,2,3.41264878589146,1.80685164122839,1.18488631912949
"Cluster 7",3,2,2.97602354580211,1.37236588564316,0.172671482027973
"Cluster 7",3,2,3.00375761426615,1.86489780722246,0.782061726697403
"Cluster 7",3,2,3.00225192724827,2.16841873678341,0.194382601102668
"Cluster 7",3,2,2.96697438777034,2.43738097795742,0.188934551289321
"Cluster 7",3,2,3.35446655987191,1.41702447607582,0
"Cluster 7",3,2,3.07635771977375,1.74546889352162,0.659826013223603
"Cluster 7",3,2,2.85034317971218,1.56204354822658,0.354647675781648
"Cluster 7",3,2,3.23857322125473,2.27895767238088,1.23099210004674
"Cluster 7",3,2,2.42033476782656,1.87998690099506,1.63270838699609
"Cluster 7",3,2,2.68939001645938,2.01517727168676,2.4758741442623
"Cluster 7",3,2,2.76836867132956,2.54665333785169,0.35217695402281
"Cluster 7",3,2,3.04651995832608,1.60519644486041,1.33582531020276
"Cluster 7",3,2,2.97098392448912,1.43419747783064,0.675175689252361
"Cluster 7",3,2,2.72582157398239,2.06412968990967,1.52959788077443
"Cluster 7",3,2,2.36709214773005,2.56539495083798,0.687343868089513
"Cluster 7",3,2,2.47091656794257,1.67939439567064,1.01937623661762
"Cluster 7",3,2,3.02832592408411,1.89272348974522,1.13578574290463
"Cluster 7",3,2,3.13952700977462,2.6722389605296,1.08232873209847
"Cluster 7",3,2,3.34176704874885,1.66831069950075,0.844306497090879
"Cluster 7",3,2,2.16270572418442,2.5998794285079,0
"Cluster 7",3,2,2.56317205930658,2.08256242600238,1.0898295251307
"Cluster 7",3,2,3.45412929952044,1.82705704066759,1.15778193223862
"Cluster 7",3,2,3.42569726496341,2.00308608180839,1.78219537525359
"Cluster 7",3,2,2.7913765954676,1.8963756623189,0.221521640450396
"Cluster 7",3,2,2.36750391237525,1.81960964100939,0.927116869636258
"Cluster 7",3,2,3.09432906105988,2.61165905123362,0.341618672788287
"Cluster 7",3,2,2.58372844922968,1.38857562658397,0.277456015922448
"Cluster 7",3,2,3.37989496000097,1.2049456097676,0.759608665999865
"Cluster 7",3,2,2.97535529270386,1.06611868850945,0.825244230072546
"Cluster 7",3,2,3.28449051423757,2.05500397097181,0.843909576183632
"Cluster 7",3,2,3.20551612240605,2.5374521194862,0
"Cluster 7",3,2,2.30585589780617,1.22905264932043,0
"Cluster 7",3,2,2.70753576936205,0.906728659320884,1.11563234724523
"Cluster 7",3,2,2.63102861672397,2.25489386840918,0.905491277304743
"Cluster 7",3,2,3.09145732876551,1.80965484338856,0.902153660052077
"Cluster 7",3,2,2.3430872844208,2.33945488799324,1.65328292282086
"Cluster 7",3,2,2.47405126244133,1.31702898650043,1.17535629569448
"Cluster 7",3,2,2.70340252786477,2.22272147946063,1.12451530125062
"Cluster 7",3,2,2.46005602656969,2.32013287206269,0.307890228093886
"Cluster 7",3,2,2.68117825422728,1.26201653179401,2.48575953190862
"Cluster 7",3,2,3.08180821822212,1.93095345934157,1.33356187432863
"Cluster 7",3,2,3.92869816633046,1.46284055447846,0.117219139465486
"Cluster 7",3,2,1.97920069376504,2.18263100143436,1.50391070151693
"Cluster 7",3,2,2.8586164082027,2.56744263845118,1.97791638344451
"Cluster 7",3,2,3.39758715577567,2.44835306568889,0.898822979955696
"Cluster 7",3,2,2.96155415626529,2.39301002983289,0.751634966679636
"Cluster 7",3,2,3.4702475965875,1.91739748502926,0.3659268861187
"Cluster 7",3,2,2.65173925940949,1.84820669280275,0
"Cluster 7",3,2,3.1176632291605,2.29512836681089,0.352614986840462
"Cluster 7",3,2,3.34927062929501,1.57039771636229,0.547724882141632
"Cluster 7",3,2,2.86742251421472,1.70179769596894,0.88777393753223
"Cluster 7",3,2,3.37889117418422,2.22194545719726,0.829389285308302
"Cluster 7",3,2,3.03444280870916,3.08269364030592,2.17857979614669
"Cluster 7",3,2,2.32348292178681,3.20249732332419,1.05722555936801
"Cluster 7",3,2,2.50030709904528,1.58935891533677,0.189157097057569
"Cluster 7",3,2,2.56653656322629,2.53846434009132,0.549738752881924
"Cluster 7",3,2,2.71981422757293,2.13112192291392,0.345347840908728
"Cluster 7",3,2,2.33400289239316,2.33390628694457,0.214714532457715
"Cluster 7",3,2,2.72500962995448,2.59371519251516,0.0697843508384903
"Cluster 7",3,2,2.91907169632446,1.86262389991666,1.6214941825404
"Cluster 7",3,2,3.6633385729165,2.34386695752364,0
"Cluster 7",3,2,3.12958856584866,2.45373951681005,1.30675388186313
"Cluster 7",3,2,2.35159424804826,1.90280219695878,2.23882034586501
"Cluster 7",3,2,2.93376543395501,1.68605243233871,0.3416809938043
"Cluster 7",3,2,3.16916177701198,1.98037418117301,0
"Cluster 7",3,2,3.01036828195165,2.49230388559127,0.0414387830243651
"Cluster 7",3,2,3.09205572386501,1.94237660209746,1.51518644686999
"Cluster 7",3,2,3.16348709046298,2.39636059986907,0
"Cluster 7",3,2,2.99936385126895,2.10278022947219,0.873283165116888
"Cluster 7",3,2,3.24359518381145,1.61916338252451,1.5293079698545
"Cluster 7",3,2,3.17658539105278,1.60622804953444,0.661187511352948
"Cluster 7",3,2,2.70779143725542,2.15047367620423,0.0211347285126029
"Cluster 7",3,2,3.11738862085631,1.80843126305922,1.65812890006143
"Cluster 7",3,2,3.13358340842699,2.2980149278891,1.46262411588915
"Cluster 7",3,2,2.81847725377117,2.59749654916004,0
"Cluster 7",3,2,3.23657444161985,1.16101686134099,1.61664490524445
"Cluster 7",3,2,2.74394751657284,2.15428246512165,0
"Cluster 7",3,2,2.74961579156274,2.230475838189,0.937610409515842
"Cluster 7",3,2,2.79712304640868,1.69653646300948,0
"Cluster 7",3,2,3.30963631286877,1.7376382867959,1.80780583187705
"Cluster 7",3,2,2.78100328156994,1.88570384649212,0.566682431434677
"Cluster 7",3,2,2.41478564290331,2.48681591739224,1.9240079447957
"Cluster 7",3,2,2.37874340375163,1.44666985588122,1.24572119081479
"Cluster 7",3,2,3.66989971293848,2.24278530160228,0.0830156423667826
"Cluster 7",3,2,3.56380921068192,2.49432152925094,1.17428556405199
"Cluster 7",3,2,2.99044958587875,2.04264383715133,1.3650219109464
"Cluster 7",3,2,3.92965454770607,2.27722634439177,0.0481746663882628
"Cluster 7",3,2,3.38352837616365,1.61487634295597,0.774004598264558
"Cluster 7",3,2,2.86493313529736,1.89876295449759,0
"Cluster 7",3,2,3.02290505169019,2.20315281984825,2.25573704499729
"Cluster 7",3,2,3.11773487979142,2.25958953499213,1.24934241681109
"Cluster 7",3,2,3.84536825456086,1.79519543532443,1.9314932441644
"Cluster 7",3,2,2.7981253968222,2.13309817426365,1.22135225570576
"Cluster 7",3,2,2.92684881548911,2.25444245883587,2.13161528888375
"Cluster 7",3,2,3.35515367913051,1.93849317678593,1.13425795767858
"Cluster 7",3,2,3.35199172505837,1.88616102910047,1.79922770335882
"Cluster 7",3,2,3.54172365915336,2.18419786844301,0.602577974919295
"Cluster 7",3,2,2.52214855493495,2.04062232925893,1.04314055928537
