"gene","log2fc","p","status"
"Gene1",-1.81426739033976,0.345386652456878,"不显著"
"Gene2",0.619344568536463,0.00424152840090842,"不显著"
"Gene3",0.422591962248159,0.792160365185194,"不显著"
"Gene4",0.28470987958622,3.84877032289446e-05,"不显著"
"Gene5",-0.403876807145646,0.96801735004098,"不显著"
"Gene6",1.91757708685596,0.756532284254358,"不显著"
"Gene7",-0.13071599684659,0.450005980597635,"不显著"
"Gene8",0.434853972208479,0.40860245785427,"不显著"
"Gene9",1.17989500442319,0.238285191716153,"不显著"
"Gene10",0.338425110662351,0.549805206039031,"不显著"
"Gene11",0.0979052254268112,0.000223969660276841,"不显著"
"Gene12",1.67727576198118,0.0260651668100576,"不显著"
"Gene13",0.323676386511514,0.247470438028356,"不显著"
"Gene14",1.51620103797219,0.420294266008565,"不显著"
"Gene15",0.369989660662905,0.23887115109496,"不显著"
"Gene16",0.135256750202918,0.846392778626586,"不显著"
"Gene17",0.518560403231333,0.608542109986594,"不显著"
"Gene18",1.24535358857632,0.0372834224136529,"不显著"
"Gene19",-0.00613503673192097,0.00954699642399563,"不显著"
"Gene20",-1.30506348569732,0.764006621572617,"不显著"
"Gene21",-0.281808069499871,0.073749445244699,"不显著"
"Gene22",-0.773359747760027,0.798885060150504,"不显著"
"Gene23",1.45059997184258,0.04088137404707,"不显著"
"Gene24",0.862355308911453,0.131269464868466,"不显著"
"Gene25",1.14698290275347,0.697459671826212,"不显著"
"Gene26",-0.974949937299248,0.677811242692428,"不显著"
"Gene27",-1.04894980582756,0.385429194671016,"不显著"
"Gene28",-1.15649193629716,0.824026181575412,"不显著"
"Gene29",2.77133168077359,0.0174227266624608,"不显著"
"Gene30",0.219659943755202,0.087212622534491,"不显著"
"Gene31",0.814817180861675,0.441204422955638,"不显著"
"Gene32",1.503958600741,0.950079815626721,"不显著"
"Gene33",2.01583001068574,0.00382918625942561,"上调"
"Gene34",0.0226591510614954,0.271401456034407,"不显著"
"Gene35",0.24641975070602,0.0818950008543245,"不显著"
"Gene36",0.130402892202419,0.079471872031351,"不显著"
"Gene37",1.27061472872444,0.375969650304233,"不显著"
"Gene38",-0.324563007261707,0.0510605147786628,"不显著"
"Gene39",-1.8624673934577,0.347710332872486,"不显著"
"Gene40",0.027597731632717,0.81798557215859,"不显著"
"Gene41",1.02798523697401,0.000424995602319438,"上调"
"Gene42",1.0028009265299,0.00423944991275046,"上调"
"Gene43",2.12371326327627,0.0469189703842283,"不显著"
"Gene44",-1.40275881626366,0.444391239681627,"不显著"
"Gene45",-1.06103868865659,0.118168390221006,"不显著"
"Gene46",0.254445719407618,0.368103051673764,"不显著"
"Gene47",-0.856042932090543,0.605858744452697,"不显著"
"Gene48",1.38679285319724,0.581041782066514,"不显著"
"Gene49",-1.30503192351156,0.839197403678883,"不显著"
"Gene50",-1.07543358164705,0.316754943344291,"不显著"
"Gene51",-1.70279261282795,0.286308331582425,"不显著"
"Gene52",0.382354702658604,0.317279783553725,"不显著"
"Gene53",0.678406614779828,0.453566321806213,"不显著"
"Gene54",-0.87627909479504,0.188508705021814,"不显著"
"Gene55",-0.447943099888944,0.09872077275894,"不显著"
"Gene56",-1.04475985554478,0.000282660847826818,"下调"
"Gene57",-0.629172449464198,0.48520264951892,"不显著"
"Gene58",-1.0614538455143,0.0731705230129766,"不显著"
"Gene59",2.14043720266597,0.392749043865119,"不显著"
"Gene60",1.70005339031982,0.998339012448493,"不显著"
"Gene61",0.850669015848695,0.922963274655983,"不显著"
"Gene62",1.75916619118697,0.579160539929238,"不显著"
"Gene63",0.122384451055159,0.249816868708795,"不显著"
"Gene64",0.291969800720144,0.281736890329062,"不显著"
"Gene65",-1.75480971340207,0.171582941407327,"不显著"
"Gene66",4.13252696784018,0.529927418279291,"不显著"
"Gene67",3.11384173401783,0.801729972003432,"不显著"
"Gene68",-0.91472655491509,0.247804948960789,"不显著"
"Gene69",0.629013728983758,0.51256938819192,"不显著"
"Gene70",0.954571474160612,0.193718984683421,"不显著"
"Gene71",1.15057008869035,0.479721732408887,"不显著"
"Gene72",-1.61988858828547,0.0273918881218247,"不显著"
"Gene73",0.3360751037941,0.537082938196739,"不显著"
"Gene74",-0.341423062832911,0.893864070441133,"不显著"
"Gene75",0.694606180109195,0.766777061620137,"不显著"
"Gene76",-0.074853312422665,0.000133796600127728,"不显著"
"Gene77",-1.00444320263803,0.0974821415382267,"不显著"
"Gene78",0.632590456166607,0.431410080435464,"不显著"
"Gene79",-1.01104676581251,0.137855522668237,"不显著"
"Gene80",0.754721772212211,0.0156074140720274,"不显著"
"Gene81",1.0123018377255,0.00080914340754176,"上调"
"Gene82",-2.06586917738902,0.233448195255035,"不显著"
"Gene83",-1.16608258593822,0.311575952646356,"不显著"
"Gene84",-0.265737744368925,0.0235211485730042,"不显著"
"Gene85",-1.36153096334492,0.439013717332998,"不显著"
"Gene86",-1.4355568963255,0.811990623740404,"不显著"
"Gene87",0.551520779177124,0.0997601874419841,"不显著"
"Gene88",2.10257178636035,0.512521782207626,"不显著"
"Gene89",-0.870232021056666,0.487710294818979,"不显著"
"Gene90",2.15660233021055,0.385592045324491,"不显著"
"Gene91",-0.361870755024152,0.23190162549597,"不显著"
"Gene92",-0.750793924099698,0.152672030662744,"不显著"
"Gene93",1.59263179192055,0.247809334754251,"不显著"
"Gene94",1.96785587557629,0.674435676365551,"不显著"
"Gene95",1.10974837002674,0.320558167894885,"不显著"
"Gene96",0.787381285087862,0.15834158689216,"不显著"
"Gene97",1.21981164099977,0.0446073693153239,"不显著"
"Gene98",1.64110782564876,0.329710223125866,"不显著"
"Gene99",1.1720552035802,0.333204608844797,"不显著"
"Gene100",0.91765472266328,0.733973412784765,"不显著"
"Gene101",2.6098434895777,0.486687534480448,"不显著"
"Gene102",0.467165195670225,0.0469556788297667,"不显著"
"Gene103",-2.67250759550812,0.0418446245147063,"不显著"
"Gene104",-1.12588447501329,0.786982150674305,"不显著"
"Gene105",-1.84251982880885,0.0892035196292927,"不显著"
"Gene106",-0.243291739328887,0.838944955418898,"不显著"
"Gene107",0.0823110657282202,1.08934158865294e-06,"不显著"
"Gene108",0.799024526327791,0.848433062977417,"不显著"
"Gene109",0.727719050102631,0.676323111044862,"不显著"
"Gene110",-1.60780463219073,0.367854365216891,"不显著"
"Gene111",-1.2762749216724,0.049190854646846,"不显著"
"Gene112",0.609949879471121,0.118568610337758,"不显著"
"Gene113",-1.52608450282937,0.0792545638442969,"不显著"
"Gene114",0.223935082198914,0.40165750672129,"不显著"
"Gene115",-1.05701422696254,0.353036099644924,"不显著"
"Gene116",0.528035874926982,0.197711115850027,"不显著"
"Gene117",-1.05882236447992,0.0019675922506637,"下调"
"Gene118",2.55904150308446,0.146845390787629,"不显著"
"Gene119",0.551203788301282,0.78503644193017,"不显著"
"Gene120",0.107270033145302,0.353106142757859,"不显著"
"Gene121",0.843220590232912,0.880454508218888,"不显著"
"Gene122",-0.880639243637618,0.0750747725644735,"不显著"
"Gene123",-0.559108712649432,0.0707983717334481,"不显著"
"Gene124",0.327070076282826,0.0776254608812866,"不显著"
"Gene125",-1.43234076799917,0.00775760987215837,"下调"
"Gene126",3.19423920947674,0.00286372180945474,"上调"
"Gene127",-1.30521373125469,0.0923563814244563,"不显著"
"Gene128",1.89988764845431,0.408343410812476,"不显著"
"Gene129",0.686533075068974,0.279864407326622,"不显著"
"Gene130",0.908803088988487,0.42705483706854,"不显著"
"Gene131",-0.847070522236393,0.563489629734737,"不显著"
"Gene132",0.24739244338622,0.113098280602127,"不显著"
"Gene133",-0.198343860223991,0.018732826233138,"不显著"
"Gene134",0.212224844548806,0.0312241198696686,"不显著"
"Gene135",-0.237937654598343,0.307866958619406,"不显著"
"Gene136",-0.999176449348102,0.0721587464358916,"不显著"
"Gene137",-0.875128011635603,0.415696560492658,"不显著"
"Gene138",1.14852952702801,0.0453561461215421,"不显著"
"Gene139",0.924936944342756,0.0580392594374679,"不显著"
"Gene140",0.479121210385099,1.4890830149106e-05,"不显著"
"Gene141",-1.42500720544408,0.21811741535033,"不显著"
"Gene142",1.12108160810776,0.692571527315988,"不显著"
"Gene143",0.480696989351047,0.602685102862186,"不显著"
"Gene144",-1.37378775333698,0.329789962292465,"不显著"
"Gene145",-0.900056121150585,0.041186048180074,"不显著"
"Gene146",0.544553533028778,0.609043363116742,"不显著"
"Gene147",-0.34897215932805,0.801287302468811,"不显著"
"Gene148",0.608877143950163,0.210399172792268,"不显著"
"Gene149",-2.91745843527899,0.0347409904380701,"不显著"
"Gene150",-0.737291194428955,0.225835534728184,"不显著"
"Gene151",0.101545942556109,0.655106001214322,"不显著"
"Gene152",-0.365062236703837,0.368017030219221,"不显著"
"Gene153",-0.154854329407939,0.316413547798463,"不显著"
"Gene154",-2.61476357559627,0.0596106013186876,"不显著"
"Gene155",-0.327245984701668,0.837973937177666,"不显著"
"Gene156",0.388742088281576,0.10853420502922,"不显著"
"Gene157",-1.66550243321709,0.0528005881992386,"不显著"
"Gene158",-0.414274343728885,0.41131214211435,"不显著"
"Gene159",0.466428074357988,0.0248076394682668,"不显著"
"Gene160",0.235904291150864,0.950952579587505,"不显著"
"Gene161",-0.772035779674156,0.055541175850623,"不显著"
"Gene162",0.636257345498353,0.755335551440764,"不显著"
"Gene163",1.16375242507388,0.885730132884637,"不显著"
"Gene164",-0.306555070249124,0.452260664099515,"不显著"
"Gene165",1.89091989201703,0.380575678209102,"不显著"
"Gene166",-1.67608592790543,0.489539799528071,"不显著"
"Gene167",-0.340557103491725,0.12249533362474,"不显著"
"Gene168",-0.993920121725253,0.271446338353956,"不显著"
"Gene169",2.439887403824,0.122013255241457,"不显著"
"Gene170",-1.54593370185983,0.330257186785541,"不显著"
"Gene171",-1.00284992673086,0.75878167812128,"不显著"
"Gene172",-0.51917431653577,0.0888662696977089,"不显著"
"Gene173",-0.450161682686718,0.817396364024406,"不显著"
"Gene174",-0.0555903652219847,0.673374897899589,"不显著"
"Gene175",-0.025403949716378,0.321242854826596,"不显著"
"Gene176",-1.24295415454572,0.451225785502238,"不显著"
"Gene177",-0.850472471271804,0.933095046522335,"不显著"
"Gene178",0.123574005666928,0.0908073050573098,"不显著"
"Gene179",2.77229640582227,0.157309286836489,"不显著"
"Gene180",0.51018063652461,0.172753440292448,"不显著"
"Gene181",1.25226194695939,0.0671870235781338,"不显著"
"Gene182",-0.163955158055295,0.127179162199609,"不显著"
"Gene183",1.02528424600014,0.428370576648489,"不显著"
"Gene184",-0.945607721874129,0.430421645621045,"不显著"
"Gene185",-2.52761329461893,0.0083466444454044,"下调"
"Gene186",-0.885301853638477,0.0190816395717779,"不显著"
"Gene187",-0.586228334959565,0.00275180020260509,"不显著"
"Gene188",-0.587133073942266,0.00219237105224549,"不显著"
"Gene189",-1.31293476476921,0.413239844815918,"不显著"
"Gene190",-0.146629886480415,0.0397984597968959,"不显著"
"Gene191",-0.800363124603476,0.990754437788251,"不显著"
"Gene192",-0.514301789109821,0.0362125716426307,"不显著"
"Gene193",-0.621286526641462,0.00230277613183756,"不显著"
"Gene194",-0.473363786425887,0.569703299225486,"不显著"
"Gene195",-1.40479833852146,0.0573855319777343,"不显著"
"Gene196",0.994323189279662,0.166616968983569,"不显著"
"Gene197",-0.67378562835979,0.399378303585637,"不显著"
"Gene198",-0.228863194741277,0.000900150840343648,"不显著"
"Gene199",3.1567401213674,0.223642208566923,"不显著"
"Gene200",0.290652820199708,0.811453744124136,"不显著"
"Gene201",-0.700393936240515,0.0343691025545165,"不显著"
"Gene202",4.05631335100536,0.234981317438373,"不显著"
"Gene203",2.01084128666889,0.094824859820221,"不显著"
"Gene204",-1.73283950543114,0.0391381860711128,"不显著"
"Gene205",-0.956873820939095,0.21109265015073,"不显著"
"Gene206",-0.483646490083399,0.595246135356535,"不显著"
"Gene207",0.214423207477254,0.525191841304669,"不显著"
"Gene208",0.695607410727343,0.602997210677267,"不显著"
"Gene209",-0.422405938719357,0.193312079553827,"不显著"
"Gene210",1.02765139688353,0.713202220128058,"不显著"
"Gene211",0.421748311003635,0.0777809436216889,"不显著"
"Gene212",3.63462214333343,0.740898320739783,"不显著"
"Gene213",0.394209544023589,0.0967903786287658,"不显著"
"Gene214",-0.356353766076356,0.0338408198972505,"不显著"
"Gene215",2.0038454923896,0.0001843182766223,"上调"
"Gene216",0.561847922756567,0.354374924951191,"不显著"
"Gene217",0.15863479417172,0.652499676687608,"不显著"
"Gene218",-0.917582882032988,0.32662918706333,"不显著"
"Gene219",1.15903155885255,0.109250094237218,"不显著"
"Gene220",0.514993286551812,0.968413289382406,"不显著"
"Gene221",-0.137588091629858,0.555534364348014,"不显著"
"Gene222",-0.902585673809786,0.174566408793092,"不显著"
"Gene223",-1.96258180421777,0.303753639492444,"不显著"
"Gene224",0.94117679090861,0.0185275495173268,"不显著"
"Gene225",-1.58887726485056,0.167250331016678,"不显著"
"Gene226",0.803631957699048,0.0126562330371291,"不显著"
"Gene227",1.14528906573505,0.0176559749815379,"不显著"
"Gene228",0.798737734369727,0.0198806259640912,"不显著"
"Gene229",-0.50797087639716,0.137039739656285,"不显著"
"Gene230",2.12547232970368,0.266309143070202,"不显著"
"Gene231",-0.581227722853192,0.618683732917108,"不显著"
"Gene232",-0.00849129778700273,0.0029696807198277,"不显著"
"Gene233",-0.384533579631896,0.0352784272967155,"不显著"
"Gene234",-0.176082152211457,0.192871797658317,"不显著"
"Gene235",0.86500131547713,0.888480477546331,"不显著"
"Gene236",1.83513852504007,0.0116287532739186,"不显著"
"Gene237",0.360275035460224,0.844599561920725,"不显著"
"Gene238",-0.320125112594611,0.0125015673000339,"不显著"
"Gene239",-2.017812859339,0.197623140731296,"不显著"
"Gene240",-0.576546690866613,0.423129629759754,"不显著"
"Gene241",-0.0299206944206784,0.0379535190009699,"不显著"
"Gene242",0.207318948391634,0.474602830861158,"不显著"
"Gene243",0.221954528474076,0.414594113454176,"不显著"
"Gene244",2.64519527642182,0.604503722650405,"不显著"
"Gene245",1.27568492656215,0.561246918905781,"不显著"
"Gene246",0.0926750848147082,0.961093797089731,"不显著"
"Gene247",-0.291365688981368,0.905658883652693,"不显著"
"Gene248",0.409738378824414,0.610945802103796,"不显著"
"Gene249",0.102652114150349,0.00390712458995,"不显著"
"Gene250",1.86477590272207,0.367811639868917,"不显著"
"Gene251",-1.06229615549361,0.274561042334987,"不显著"
"Gene252",-2.619679242257,0.339482735868577,"不显著"
"Gene253",1.1047017885189,0.991312726361054,"不显著"
"Gene254",0.215414728656926,0.539849236190695,"不显著"
"Gene255",-2.2302655611615,0.869537324433887,"不显著"
"Gene256",-0.0222720512103434,0.421886295874271,"不显著"
"Gene257",-0.518607062873293,0.0165403763934308,"不显著"
"Gene258",0.244306773288884,0.182384534058818,"不显著"
"Gene259",0.791469394994239,0.0444706336074571,"不显著"
"Gene260",0.876246831244606,0.355149145614287,"不显著"
"Gene261",0.0341536857854802,0.831344473029815,"不显著"
"Gene262",1.01256299893777,0.291318610270452,"不显著"
"Gene263",-1.01257175778741,0.486267668143651,"不显著"
"Gene264",-1.27686411095425,0.0698510387527599,"不显著"
"Gene265",-1.22835655104096,0.824367953733867,"不显著"
"Gene266",-2.00611136272562,0.11183469247973,"不显著"
"Gene267",-0.480386924783194,0.899722526479612,"不显著"
"Gene268",0.41470013377313,0.745414991049349,"不显著"
"Gene269",0.297410929499147,0.910956345604539,"不显著"
"Gene270",0.471379745076262,0.618177539288471,"不显著"
"Gene271",-0.105452381431023,0.527104846936808,"不显著"
"Gene272",2.58497751265666,0.00921115918526901,"上调"
"Gene273",-1.15598654015329,0.129994091582706,"不显著"
"Gene274",1.32098468946787,0.0659973723772811,"不显著"
"Gene275",0.0098799894983112,0.55921571084978,"不显著"
"Gene276",-0.0851731470587467,0.232691534912362,"不显著"
"Gene277",-0.337682495871427,0.0554041638536161,"不显著"
"Gene278",0.868263582389062,0.756411987542171,"不显著"
"Gene279",-1.05458101486104,0.0654717424280588,"不显著"
"Gene280",2.00424934658739,0.10520392154459,"不显著"
"Gene281",1.23652479822067,0.201953384770334,"不显著"
"Gene282",0.0422931459187405,6.04295347012346e-05,"不显著"
"Gene283",0.991304746815247,0.037155816027154,"不显著"
"Gene284",-0.554147471067725,0.239015542636335,"不显著"
"Gene285",-0.902639122371962,0.0899701384828152,"不显著"
"Gene286",1.87625113949012,0.0111221514326045,"不显著"
"Gene287",0.826287162029692,0.371609070214551,"不显著"
"Gene288",1.13202241926827,0.0727930087200176,"不显著"
"Gene289",0.232173392621826,0.43803415952319,"不显著"
"Gene290",2.24013435261998,0.768939787864043,"不显著"
"Gene291",0.582564485320748,0.0136872664459037,"不显著"
"Gene292",0.0982402052577489,0.236814640445118,"不显著"
"Gene293",-1.65302192299858,0.434442683763783,"不显著"
"Gene294",0.520034428823679,0.0486777094487819,"不显著"
"Gene295",-0.0241516378370485,0.500712459304299,"不显著"
"Gene296",0.374867197245492,0.447040714856682,"不显著"
"Gene297",0.94040952355929,0.216835739276589,"不显著"
"Gene298",1.36968858233675,0.138944714566426,"不显著"
"Gene299",0.852044969847325,0.771543019945231,"不显著"
"Gene300",0.038859477537452,0.0169337972528935,"不显著"
"Gene301",1.54358928873991,0.13865525987847,"不显著"
"Gene302",0.761421417515905,0.12808003574116,"不显著"
"Gene303",0.998854735509574,0.0902051438741345,"不显著"
"Gene304",1.72029325204051,0.635374925447912,"不显著"
"Gene305",0.0294563553351554,0.566851461145446,"不显著"
"Gene306",-3.66829809919008,0.000794744098296948,"下调"
"Gene307",1.62036202094212,0.154854518012507,"不显著"
"Gene308",-1.23746562839161,0.417059002955687,"不显著"
"Gene309",-0.295171955274785,0.697202592007743,"不显著"
"Gene310",3.0667975953034,0.380492916990532,"不显著"
"Gene311",-0.335685381683964,0.286054423930155,"不显著"
"Gene312",-0.838339194227447,0.373290107886519,"不显著"
"Gene313",-0.641876650221895,0.39864853380161,"不显著"
"Gene314",0.13154217403626,0.302235628118749,"不显著"
"Gene315",0.749494381049041,0.179381488817677,"不显著"
"Gene316",0.0939713992246901,0.28951805533248,"不显著"
"Gene317",-0.497413026792275,0.249354663303136,"不显著"
"Gene318",-1.4085969768259,0.863454476051672,"不显著"
"Gene319",-1.06345903642864,0.00399531337351121,"下调"
"Gene320",1.98928273217767,0.77872908950165,"不显著"
"Gene321",0.64134638101049,0.211590270066357,"不显著"
"Gene322",-0.683730160835891,0.420704679696235,"不显著"
"Gene323",-0.396732359996667,0.0689333446783269,"不显著"
"Gene324",-2.52876351919988,0.0383038317819038,"不显著"
"Gene325",0.761003310125494,0.141868101030274,"不显著"
"Gene326",-0.918170074710273,0.173053346280735,"不显著"
"Gene327",-0.557303326072415,0.488044791515521,"不显著"
"Gene328",-0.37155595693353,0.04843798653994,"不显著"
"Gene329",0.744133874983106,0.000785820707389675,"不显著"
"Gene330",-0.511960350675861,0.0614485503418302,"不显著"
"Gene331",-0.0967736991422218,0.284540161279506,"不显著"
"Gene332",1.32989236704865,0.506559252996405,"不显著"
"Gene333",-1.30870443742027,0.605561733309032,"不显著"
"Gene334",0.157216586480233,0.421417166136962,"不显著"
"Gene335",0.668008329302098,0.182202130949375,"不显著"
"Gene336",-1.48576274875148,0.117674917486203,"不显著"
"Gene337",-0.517340765936904,0.813633701186956,"不显著"
"Gene338",1.52445422411152,0.349493739530825,"不显著"
"Gene339",-0.859912477223572,0.622482948431344,"不显著"
"Gene340",0.512482875242899,0.13041329824521,"不显著"
"Gene341",1.09900876869653,0.305111685184575,"不显著"
"Gene342",-0.170180765023807,0.759699998349068,"不显著"
"Gene343",-1.91611382711878,0.471280992807891,"不显著"
"Gene344",0.3090204170692,0.43785965560398,"不显著"
"Gene345",-0.608416586314812,0.0190950941093188,"不显著"
"Gene346",-0.768132024602739,0.00919661946392451,"不显著"
"Gene347",-1.06887097293594,0.217830388223292,"不显著"
"Gene348",-1.90866277811906,0.43550982804669,"不显著"
"Gene349",0.115433801954393,0.468710839725307,"不显著"
"Gene350",-1.76880371378645,0.50030666599695,"不显著"
"Gene351",1.1876543830427,0.974629862609656,"不显著"
"Gene352",-1.492262937581,0.721855579754124,"不显著"
"Gene353",1.12515973336105,0.523607545286593,"不显著"
"Gene354",0.624547951290924,0.518076013595806,"不显著"
"Gene355",-0.534287504779034,0.829897022701383,"不显著"
"Gene356",0.110020777625625,0.880494087725973,"不显著"
"Gene357",-1.47290002690378,0.198963276673187,"不显著"
"Gene358",-0.0270133575704447,0.295607139764662,"不显著"
"Gene359",0.300905112253789,0.763417379704151,"不显著"
"Gene360",-2.58554919811151,0.550586550419401,"不显著"
"Gene361",-2.09360429203379,0.893143451406747,"不显著"
"Gene362",1.40675948662437,0.553863140156802,"不显著"
"Gene363",-0.0522382465115119,0.0385507988581993,"不显著"
"Gene364",-1.82883960453092,0.781208096152422,"不显著"
"Gene365",-0.951473769632168,0.975993982079162,"不显著"
"Gene366",2.38348355677203,0.372793696595462,"不显著"
"Gene367",1.70198888763796,0.0822617148566993,"不显著"
"Gene368",-0.0719828802032289,0.262300679299421,"不显著"
"Gene369",2.38123720248003,0.0344453594110954,"不显著"
"Gene370",-0.661873183864424,3.17231434575108e-05,"不显著"
"Gene371",-0.718130220508742,0.0901703118089016,"不显著"
"Gene372",0.443886095813371,0.546600915417949,"不显著"
"Gene373",0.291077903082245,0.276308783338982,"不显著"
"Gene374",-0.689465189081861,0.517070301029265,"不显著"
"Gene375",0.454201504964045,0.546961983022242,"不显著"
"Gene376",1.24749134606386,0.545143491357978,"不显著"
"Gene377",-0.712540450032037,0.501983285517655,"不显著"
"Gene378",-1.72467516363636,0.121390843943474,"不显著"
"Gene379",-1.62482328933164,0.475926651041438,"不显著"
"Gene380",0.801043441458267,0.611377105509181,"不显著"
"Gene381",-1.93714927109902,0.770324266635177,"不显著"
"Gene382",-0.50087982457585,0.361609984396561,"不显著"
"Gene383",1.62030797942446,0.0135156645003702,"不显著"
"Gene384",-0.402348679396982,0.144489532384449,"不显著"
"Gene385",0.609818428820893,0.790052578293043,"不显著"
"Gene386",1.95771424895603,0.270912804828386,"不显著"
"Gene387",-0.103983203711459,8.90309409646525e-05,"不显著"
"Gene388",-2.49075590094071,0.0212616715149813,"不显著"
"Gene389",0.817607494458151,0.987735230775887,"不显著"
"Gene390",0.551078041092071,0.423893610947223,"不显著"
"Gene391",-0.486610508724558,0.527740600982691,"不显著"
"Gene392",-0.440172081210878,0.00040489566236825,"不显著"
"Gene393",-2.17551497006662,0.292485529218046,"不显著"
"Gene394",-0.598828004603972,0.539333368648027,"不显著"
"Gene395",-1.81077751008477,0.533823450665328,"不显著"
"Gene396",0.223638350840438,0.542235984295069,"不显著"
"Gene397",-0.128716931201601,0.780197335179147,"不显著"
"Gene398",-0.674064972233312,0.0229184519552384,"不显著"
"Gene399",0.917464868154896,0.388974321092788,"不显著"
"Gene400",0.872473562324033,0.0485876125266781,"不显著"
"Gene401",-1.03057529824916,0.215982932997108,"不显著"
"Gene402",0.73779711727723,0.124977388417225,"不显著"
"Gene403",0.931547869021717,0.00512829508405523,"不显著"
"Gene404",2.20452694366232,0.312348486321131,"不显著"
"Gene405",0.726967340234988,0.974446408084589,"不显著"
"Gene406",-0.466938412936973,0.0293191371275744,"不显著"
"Gene407",0.830520869031875,0.669694461711707,"不显著"
"Gene408",-0.593425876917013,0.59084263194912,"不显著"
"Gene409",-0.232353640526458,0.635440923057259,"不显著"
"Gene410",0.519922583941919,0.00438889950953871,"不显著"
"Gene411",1.74116919621595,0.317114843757757,"不显著"
"Gene412",0.685174839578683,0.211593609231909,"不显著"
"Gene413",-0.233278373620992,0.671879651349139,"不显著"
"Gene414",-1.30143178900824,0.692520443616799,"不显著"
"Gene415",0.762481678243517,0.864469640086838,"不显著"
"Gene416",0.267022833808659,0.179084917146766,"不显著"
"Gene417",-0.119442302627518,0.307641274710196,"不显著"
"Gene418",1.42127904043714,0.655531404708063,"不显著"
"Gene419",1.0047062069288,0.0120626360539813,"不显著"
"Gene420",0.582943039352414,0.0122283854940771,"不显著"
"Gene421",1.70699560370454,0.346936569546499,"不显著"
"Gene422",-1.47889565404908,0.117845786107531,"不显著"
"Gene423",0.0788820556342856,0.000460252643421366,"不显著"
"Gene424",1.70454076714541,0.982062592802447,"不显著"
"Gene425",2.20170923641104,0.431565614880665,"不显著"
"Gene426",1.21826694282456,0.663859483016888,"不显著"
"Gene427",1.04728222331898,0.00267101014072665,"上调"
"Gene428",0.730193651942889,0.0993514765577558,"不显著"
"Gene429",1.10567910405599,0.839699323897543,"不显著"
"Gene430",0.176786672207182,0.753347055986606,"不显著"
"Gene431",0.795168707044063,0.337631537763405,"不显著"
"Gene432",1.48933788682646,0.699435922031578,"不显著"
"Gene433",1.56832076016502,0.370012312529954,"不显著"
"Gene434",-0.0205578539763817,0.0137572521358555,"不显著"
"Gene435",-0.973031462445876,0.615281780237556,"不显著"
"Gene436",-4.11505381847454,0.337874543538995,"不显著"
"Gene437",-1.91665179279898,0.504477158222471,"不显著"
"Gene438",-0.305983883799659,0.232427942012896,"不显著"
"Gene439",-1.22430704767596,0.661819587602411,"不显著"
"Gene440",-1.29107417177369,0.911680861777343,"不显著"
"Gene441",-1.04017905252288,0.715839472857766,"不显著"
"Gene442",0.276972258717606,0.295479994311894,"不显著"
"Gene443",-1.36985399135444,0.146041187666377,"不显著"
"Gene444",-1.00233712571166,0.254412203950918,"不显著"
"Gene445",-0.362042373044045,0.000690491060817791,"不显著"
"Gene446",0.676278154836106,0.149030724266918,"不显著"
"Gene447",-0.796136400253892,0.669456508691859,"不显著"
"Gene448",-0.848909509176296,0.418112522127396,"不显著"
"Gene449",0.917964580997993,0.675213577271437,"不显著"
"Gene450",1.13375110476361,0.363662075750732,"不显著"
"Gene451",-2.70096242449228,0.0610866563101409,"不显著"
"Gene452",0.569859880111462,0.798484631622056,"不显著"
"Gene453",0.167123690014527,0.272449748011328,"不显著"
"Gene454",-1.65104841194442,0.441674403041507,"不显著"
"Gene455",-0.0453881176080864,0.408016279330612,"不显著"
"Gene456",-0.735695431533073,0.290109902708068,"不显著"
"Gene457",0.303827475601074,0.0293430050536536,"不显著"
"Gene458",-1.5595571221726,0.0375986288851246,"不显著"
"Gene459",-1.63516366702194,0.0529412995485378,"不显著"
"Gene460",1.98717099756096,0.58652099948484,"不显著"
"Gene461",-0.571342272966793,0.283656457363644,"不显著"
"Gene462",-0.623721598746474,0.485744054157464,"不显著"
"Gene463",2.42081562965928,0.903709006621021,"不显著"
"Gene464",2.31792153615302,0.592250302484304,"不显著"
"Gene465",0.906814569527514,0.994239072471164,"不显著"
"Gene466",1.67859963833455,0.162538437470484,"不显著"
"Gene467",3.37046756048811,0.770135467619633,"不显著"
"Gene468",2.57234939480721,0.636530693871319,"不显著"
"Gene469",0.0423938652304717,0.00453010638586414,"不显著"
"Gene470",-1.8911809240455,0.725237796490433,"不显著"
"Gene471",-0.0838967874430645,0.160940063423713,"不显著"
"Gene472",-0.717733850170613,0.96314271059829,"不显著"
"Gene473",1.05796258071891,0.235062796086709,"不显著"
"Gene474",-2.7300423077229,0.0994389722668497,"不显著"
"Gene475",0.657038212386392,0.246211682460598,"不显著"
"Gene476",0.157305910742379,0.810129315127984,"不显著"
"Gene477",0.0752371827952178,0.207889724863203,"不显著"
"Gene478",1.15165939767398,0.28899291352122,"不显著"
"Gene479",-0.0562074185690884,0.250829028197135,"不显著"
"Gene480",-2.20725594740273,0.0360938234043361,"不显著"
"Gene481",-0.152437984286254,0.379305203745029,"不显著"
"Gene482",0.885563121226013,0.0113828568635353,"不显著"
"Gene483",0.598001391085206,0.0052725445630948,"不显著"
"Gene484",-1.40517411328813,0.0842746086882118,"不显著"
"Gene485",0.679457729541116,0.566482904190742,"不显著"
"Gene486",-0.0282842079972254,0.228494331341778,"不显著"
"Gene487",-1.02896291583221,0.194820195353315,"不显著"
"Gene488",-0.0538844600661571,0.770862993444545,"不显著"
"Gene489",-1.21526431796705,0.0228187708509791,"不显著"
"Gene490",-0.34729895670902,0.571550051487115,"不显著"
"Gene491",-0.221464044237575,0.0349994252505255,"不显著"
"Gene492",-1.85694994075468,0.763333916727316,"不显著"
"Gene493",1.52231742997549,0.0926549320229612,"不显著"
"Gene494",-3.20624240713574,0.847983822180402,"不显著"
"Gene495",-0.463939966351737,0.790819334579274,"不显著"
"Gene496",-0.559158044179061,0.139371927861496,"不显著"
"Gene497",1.56707616802151,0.122353754360476,"不显著"
"Gene498",2.33197833683455,0.00494930519118049,"上调"
"Gene499",0.624896968881894,0.111347456024506,"不显著"
"Gene500",-0.0648661937613112,0.141309523104684,"不显著"
"Gene501",2.33700456286684,0.000328248826181312,"上调"
"Gene502",1.08888419793314,0.0615179225677789,"不显著"
"Gene503",0.161945471802493,0.945706679100935,"不显著"
"Gene504",-0.0971859819399824,0.369273504593599,"不显著"
"Gene505",0.777491350629779,0.590145703182527,"不显著"
"Gene506",0.834192402237496,0.882565550835045,"不显著"
"Gene507",-0.0515710527240928,3.05767152161997e-05,"不显著"
"Gene508",0.89943672096743,0.152397513494325,"不显著"
"Gene509",-1.26516909608853,0.302285851351728,"不显著"
"Gene510",-0.824944177832212,0.0513941201607909,"不显著"
"Gene511",0.910149253090355,0.00551487074103575,"不显著"
"Gene512",1.56018104531295,0.268171026400609,"不显著"
"Gene513",0.0377216346660238,0.0010120015275499,"不显著"
"Gene514",0.626669407495366,0.373360076340284,"不显著"
"Gene515",2.25408011821816,0.633905446167899,"不显著"
"Gene516",1.53500704032898,0.0911297102786289,"不显著"
"Gene517",-0.243864308163053,0.0430144554712404,"不显著"
"Gene518",1.18155185614384,0.610504012789124,"不显著"
"Gene519",-0.862419660684905,0.774722351418879,"不显著"
"Gene520",0.408616726226502,0.0017890501002965,"不显著"
"Gene521",0.74419132509313,0.111061214381004,"不显著"
"Gene522",2.06227101412832,0.145991848030862,"不显著"
"Gene523",-0.960352018028448,0.0222560324374791,"不显著"
"Gene524",-1.57569689850813,0.155909125722848,"不显著"
"Gene525",0.332027735424426,0.00376458615250869,"不显著"
"Gene526",0.0828962949718568,0.901291675587089,"不显著"
"Gene527",-0.0418468480713357,0.301354048612577,"不显著"
"Gene528",0.177657974127818,0.579014471439165,"不显著"
"Gene529",2.37017834602983,0.205446015235429,"不显著"
"Gene530",-0.834596763452112,0.00302249761373545,"不显著"
"Gene531",-1.30610460590276,0.172506273381191,"不显著"
"Gene532",-1.42551396648039,0.543380848882907,"不显著"
"Gene533",1.72244408561326,0.971690427387335,"不显著"
"Gene534",-1.09530318486865,0.00118211141207995,"下调"
"Gene535",0.634684461743299,0.472545998518318,"不显著"
"Gene536",0.770659918596441,0.928254827935311,"不显著"
"Gene537",-1.70824239522293,0.228403549446281,"不显著"
"Gene538",1.06885844876092,0.348154314500605,"不显著"
"Gene539",-0.114937511145746,0.324868717608934,"不显著"
"Gene540",-2.12885970605931,0.465211433562755,"不显著"
"Gene541",-0.85224659280687,0.306003515436812,"不显著"
"Gene542",-2.40536092222858,0.544715587540526,"不显著"
"Gene543",-0.164061531510907,0.280901389271249,"不显著"
"Gene544",0.642263078774646,0.00125915563899209,"不显著"
"Gene545",-0.645859504554169,0.783456191961907,"不显著"
"Gene546",2.03727013700785,0.493321808324705,"不显著"
"Gene547",0.145055701017111,0.145607904073104,"不显著"
"Gene548",-0.155452811911746,0.674829953364713,"不显著"
"Gene549",0.0192229785926788,0.0582720223653985,"不显著"
"Gene550",1.07783398288538,0.271429977580688,"不显著"
"Gene551",0.0319981987323489,0.979375639667755,"不显著"
"Gene552",-1.5461059423096,0.0436550465044582,"不显著"
"Gene553",-0.00888859967663735,0.981914984601795,"不显著"
"Gene554",-0.0479952780070953,0.601030342715357,"不显著"
"Gene555",1.83423400181637,0.804673558004738,"不显著"
"Gene556",-2.44061984286354,0.00702239432805141,"下调"
"Gene557",0.657606613065887,0.488627494889246,"不显著"
"Gene558",1.84069607937569,0.916741703364813,"不显著"
"Gene559",0.558354483922732,0.0728726523414674,"不显著"
"Gene560",0.590829728665168,0.103240929463063,"不显著"
"Gene561",0.430703169728698,0.382324727241704,"不显著"
"Gene562",0.607074729629653,0.635217005004979,"不显著"
"Gene563",0.163574597203642,0.831496628197963,"不显著"
"Gene564",1.18243469014299,0.159458017924866,"不显著"
"Gene565",-0.87856621232034,0.16159926529186,"不显著"
"Gene566",-0.425342252877172,0.0686832503296086,"不显著"
"Gene567",0.212190229640715,0.305750354832141,"不显著"
"Gene568",-1.40415775647642,0.888030223940076,"不显著"
"Gene569",-0.0850100691528309,0.563750667727744,"不显著"
"Gene570",1.15742254973536,0.192882535356828,"不显著"
"Gene571",-0.238911106614512,0.112558965672076,"不显著"
"Gene572",-0.405676971233111,0.00879731602751734,"不显著"
"Gene573",1.4001363440068,0.00224919480124003,"上调"
"Gene574",-0.364688735790254,0.428089216396112,"不显著"
"Gene575",-1.05170509832742,0.485723461071237,"不显著"
"Gene576",1.27620991410558,0.75227617210551,"不显著"
"Gene577",-2.43408665351477,0.669598112706124,"不显著"
"Gene578",-1.29307305576055,0.0933657932367497,"不显著"
"Gene579",0.420917073359661,0.463095348329762,"不显著"
"Gene580",1.38337930594658,0.333257408459782,"不显著"
"Gene581",-0.106758350263548,0.358866781859282,"不显著"
"Gene582",2.86924009102779,0.962649118729936,"不显著"
"Gene583",1.12560478985388,0.183055084651773,"不显著"
"Gene584",-0.221058902613195,0.45634393430448,"不显著"
"Gene585",0.928245314219171,0.40860198130059,"不显著"
"Gene586",-0.163588915179862,0.314675194967596,"不显著"
"Gene587",1.57863155109386,0.121325253526965,"不显著"
"Gene588",-1.03846287593157,0.688407800210595,"不显著"
"Gene589",2.23516066138406,0.25091474929913,"不显著"
"Gene590",-0.727057015328844,0.0450043294093596,"不显著"
"Gene591",0.304013679399501,0.544777177878547,"不显著"
"Gene592",0.204503795801107,0.87474221715544,"不显著"
"Gene593",0.161293972133355,0.34684927891166,"不显著"
"Gene594",-0.450216136581061,0.00710311130799161,"不显著"
"Gene595",-0.393154194636985,0.62582789221925,"不显著"
"Gene596",-1.1179519573922,0.320627368272484,"不显著"
"Gene597",-0.257245365681629,0.546056332557873,"不显著"
"Gene598",-0.656500843483386,0.126953270213836,"不显著"
"Gene599",0.695604919811559,0.876392366853017,"不显著"
"Gene600",1.24747644428773,0.664655610034933,"不显著"
"Gene601",-2.08954055051042,0.166288050076668,"不显著"
"Gene602",2.15546729535002,0.0816829270535451,"不显著"
"Gene603",-1.8422945738737,0.407732113329318,"不显著"
"Gene604",1.06956636445595,0.0897918729458021,"不显著"
"Gene605",1.04386695812407,0.3861926797764,"不显著"
"Gene606",-0.265261024351226,0.73590160324947,"不显著"
"Gene607",0.405146732291936,0.223517928528691,"不显著"
"Gene608",0.805800294320298,0.190642363180812,"不显著"
"Gene609",0.0213954632711989,0.00459614671909544,"不显著"
"Gene610",1.30488982348655,0.0250198076200621,"不显著"
"Gene611",-1.06899765276566,0.336740274684106,"不显著"
"Gene612",-2.85740917604513,0.0224508267031859,"不显著"
"Gene613",-1.10833565685488,0.174744553761951,"不显著"
"Gene614",0.0501412209881723,0.0305863220695684,"不显著"
"Gene615",-1.73600785460551,0.0133809236747997,"不显著"
"Gene616",0.691150960894122,0.499043307098461,"不显著"
"Gene617",-0.854055820543468,0.764311443231786,"不显著"
"Gene618",-2.01210349018569,0.779494135833917,"不显著"
"Gene619",-1.9395651452242,0.507119645066134,"不显著"
"Gene620",1.61503974471107,0.0996695170397878,"不显著"
"Gene621",1.57481830652484,0.782380308345391,"不显著"
"Gene622",-1.37490233196776,0.632498291235568,"不显著"
"Gene623",-0.950619527291207,0.879108097379422,"不显著"
"Gene624",-0.628621417248877,0.561783615330233,"不显著"
"Gene625",-0.932741248820779,0.423116779706335,"不显著"
"Gene626",-0.287110202911891,0.146469289243644,"不显著"
"Gene627",2.78869799243445,0.121713053673235,"不显著"
"Gene628",0.484461453905565,0.101013803493162,"不显著"
"Gene629",0.368420123288195,0.0247647740092367,"不显著"
"Gene630",-0.29921789001081,0.00385890833040151,"不显著"
"Gene631",0.520189680075652,0.0484096832092699,"不显著"
"Gene632",0.140509013954175,0.901707751475849,"不显著"
"Gene633",1.50320965611823,0.174905104136365,"不显著"
"Gene634",-2.40400604101906,0.720192278735498,"不显著"
"Gene635",-2.32752303336983,0.828371934357673,"不显著"
"Gene636",0.214460100549173,0.871267187429064,"不显著"
"Gene637",-0.254357923895544,0.00622010124158497,"不显著"
"Gene638",2.28418139972667,0.0576778979952246,"不显著"
"Gene639",-0.838872287932464,0.819512256567208,"不显著"
"Gene640",1.31377708485664,0.855832867284086,"不显著"
"Gene641",2.18689604286626,0.900562581457869,"不显著"
"Gene642",0.440917226129224,0.393011082430281,"不显著"
"Gene643",0.374339710653145,0.0786623702582681,"不显著"
"Gene644",0.403102133569489,0.788520222749752,"不显著"
"Gene645",-3.08588712629655,0.031384874037412,"不显著"
"Gene646",-1.96459955394739,0.0926585336289422,"不显著"
"Gene647",2.14045236994129,0.922189535984107,"不显著"
"Gene648",-1.43109193661311,0.489673125737471,"不显著"
"Gene649",-0.0267371950294756,0.292373708199443,"不显著"
"Gene650",-0.268744414656892,0.01552120498661,"不显著"
"Gene651",-1.89138050415371,0.839786457195449,"不显著"
"Gene652",1.01643744429976,0.90030207939878,"不显著"
"Gene653",0.0617492741144134,0.349295756434373,"不显著"
"Gene654",-0.121849539555843,0.124511936432442,"不显著"
"Gene655",0.183856022215499,0.00102536994206873,"不显著"
"Gene656",-0.957587770312688,0.073411123251925,"不显著"
"Gene657",-0.0550043926324343,0.79228352010436,"不显著"
"Gene658",1.17506296559158,0.494128003979018,"不显著"
"Gene659",0.352201935775354,0.00162292805723,"不显著"
"Gene660",0.681100237597965,0.135455466036667,"不显著"
"Gene661",-0.230736511064176,0.544897588843224,"不显著"
"Gene662",0.0983147446025206,0.0107284526997176,"不显著"
"Gene663",0.400192861221986,0.87606375934872,"不显著"
"Gene664",-0.750659769019963,0.821245006556299,"不显著"
"Gene665",1.40581229177626,7.17709733703575e-05,"上调"
"Gene666",0.668668033218664,0.0713682649879123,"不显著"
"Gene667",-1.5286078658521,0.138736444525428,"不显著"
"Gene668",2.75979041861694,0.356016849472918,"不显著"
"Gene669",0.705202252054761,0.0899467377027551,"不显著"
"Gene670",0.121980342924934,0.385175770927338,"不显著"
"Gene671",0.967973510600162,0.165798310717144,"不显著"
"Gene672",-0.303627588720641,0.00228965895079014,"不显著"
"Gene673",0.0238361272099552,0.779221043626853,"不显著"
"Gene674",-0.288159699557962,0.569756245602738,"不显著"
"Gene675",0.836484346799316,0.0416503913257614,"不显著"
"Gene676",-0.885614591828497,0.135090302280687,"不显著"
"Gene677",-2.08461453241796,0.0961765566266523,"不显著"
"Gene678",-1.27402089314961,0.0271813083196799,"不显著"
"Gene679",0.130995295468144,0.455431858110254,"不显著"
"Gene680",-1.50884296099405,0.13124488771421,"不显著"
"Gene681",0.0688417562528412,0.624682411691544,"不显著"
"Gene682",0.964823922444658,0.164491003933413,"不显著"
"Gene683",-0.914385972855605,0.215068223124609,"不显著"
"Gene684",-1.41100498326774,0.194454058033524,"不显著"
"Gene685",3.17981672573382,0.540957712394604,"不显著"
"Gene686",0.241538228153651,0.171802040871834,"不显著"
"Gene687",1.15363643521798,0.021799070197175,"不显著"
"Gene688",-1.59188519338522,0.00403050436785501,"下调"
"Gene689",0.724381476551199,0.280465387757258,"不显著"
"Gene690",1.04782797341962,0.668043879867487,"不显著"
"Gene691",-0.955009406339116,0.000466988836930627,"不显著"
"Gene692",-1.87415394006113,0.458109394997382,"不显著"
"Gene693",-1.44241013674333,0.0855297097349775,"不显著"
"Gene694",2.14710364814621,0.80470923167297,"不显著"
"Gene695",0.00136162132688723,0.336736457565659,"不显著"
"Gene696",-0.00391785996909315,0.00382607912938766,"不显著"
"Gene697",-1.16636955832868,0.0365013892150149,"不显著"
"Gene698",0.719239285222541,1.71958669603969e-06,"不显著"
"Gene699",0.136302112313752,0.154955335094977,"不显著"
"Gene700",3.36343819631405,0.0584879165130981,"不显著"
"Gene701",1.07023921904741,0.957908269340707,"不显著"
"Gene702",-1.7822777569025,0.227759292027174,"不显著"
"Gene703",-0.786421361743863,0.620729925113851,"不显著"
"Gene704",-2.30376146280448,0.597638727667332,"不显著"
"Gene705",2.97629043294793,0.449717356655814,"不显著"
"Gene706",-2.70540238144303,0.0169287529726254,"不显著"
"Gene707",-1.47482327494879,0.164724494743922,"不显著"
"Gene708",0.956445638743996,0.809677125480815,"不显著"
"Gene709",0.896558398728231,0.0180587199684449,"不显著"
"Gene710",-0.962869954893229,0.203435072610699,"不显著"
"Gene711",1.74003561981378,0.607075588305493,"不显著"
"Gene712",0.796498324572415,0.484586729011249,"不显著"
"Gene713",0.327026727578764,0.00274808808824755,"不显著"
"Gene714",-2.23137631124557,0.950936637182631,"不显著"
"Gene715",1.30842689948743,0.724507028140081,"不显著"
"Gene716",-0.94547047632745,0.218869664143514,"不显著"
"Gene717",-0.445590248678219,0.173395306826848,"不显著"
"Gene718",0.559351704677931,0.266938316305155,"不显著"
"Gene719",-2.61701093602186,0.0990282595896371,"不显著"
"Gene720",0.0627988909182531,0.629424657714062,"不显著"
"Gene721",-3.76863373534583e-05,0.817008024893317,"不显著"
"Gene722",-0.968550930259555,0.259727881662183,"不显著"
"Gene723",-0.125588760048135,0.000818282729308314,"不显著"
"Gene724",-1.35999148237945,0.575900133078728,"不显著"
"Gene725",1.17912919292823,0.0226286732382479,"不显著"
"Gene726",-0.870781369253369,0.498553723944031,"不显著"
"Gene727",-0.0269542657613323,0.812691894418809,"不显著"
"Gene728",1.70746895522294,0.853375887299215,"不显著"
"Gene729",-0.781959353390875,0.0107322331971423,"不显著"
"Gene730",-1.0400690457359,0.145637751632804,"不显著"
"Gene731",2.06342039793426,0.00743552942277178,"上调"
"Gene732",0.917879018707008,0.0378166310437575,"不显著"
"Gene733",-1.36352101964863,0.106943167360355,"不显著"
"Gene734",-0.221932049363452,0.867814066243613,"不显著"
"Gene735",-1.5192157406523,0.216620801723788,"不显著"
"Gene736",0.351989651121691,0.019210742355218,"不显著"
"Gene737",-3.90399471952456,0.475766893790099,"不显著"
"Gene738",-0.973193188909207,0.913463349702613,"不显著"
"Gene739",-0.335605048667437,0.278309283533488,"不显著"
"Gene740",-1.16520669062689,0.99803720524604,"不显著"
"Gene741",0.61545298981945,0.0463706614530026,"不显著"
"Gene742",-0.79701963031784,0.370339161439012,"不显著"
"Gene743",-3.56894734726003,0.198856085743978,"不显著"
"Gene744",-2.27287238542598,0.8327579573271,"不显著"
"Gene745",-0.887346631697523,0.392920254662751,"不显著"
"Gene746",0.75723407540152,0.0208396139247496,"不显著"
"Gene747",2.50262480861659,0.496034100007055,"不显著"
"Gene748",0.70966076937214,0.151858042853528,"不显著"
"Gene749",0.134666701217532,0.514523289408824,"不显著"
"Gene750",2.12533169198542,0.296475247004942,"不显著"
"Gene751",0.564286866942879,0.00356536864760891,"不显著"
"Gene752",0.858751159912618,0.06123715451267,"不显著"
"Gene753",-0.748589949282894,0.0315137399656378,"不显著"
"Gene754",0.503489529863364,0.00578487739182391,"不显著"
"Gene755",-1.46017590366315,0.0546261822092375,"不显著"
"Gene756",-0.837994813570391,0.00062377120754558,"不显著"
"Gene757",0.139460514425988,0.0217566575679458,"不显著"
"Gene758",0.800012851113039,0.761276715035813,"不显著"
"Gene759",0.923316617149357,0.421835852510575,"不显著"
"Gene760",-1.02617833099755,0.0399178588446588,"不显著"
"Gene761",0.125380271471137,0.0632279671487064,"不显著"
"Gene762",-1.47052116157036,0.0682037577962386,"不显著"
"Gene763",-0.0530230296053044,0.761277016506684,"不显著"
"Gene764",-1.09040200961926,0.40119368521641,"不显著"
"Gene765",0.37632048745939,0.0435072030332052,"不显著"
"Gene766",0.268721923071736,0.321850947250781,"不显著"
"Gene767",0.652140975400785,0.33816186881585,"不显著"
"Gene768",-0.590337962050452,0.179902213303435,"不显著"
"Gene769",-0.71549299916592,0.0733239833211462,"不显著"
"Gene770",0.618890321873455,0.466520163950888,"不显著"
"Gene771",2.1046553135294,0.680600988322307,"不显著"
"Gene772",0.413221332100182,0.0432217545109733,"不显著"
"Gene773",-0.800786361094662,0.372350387854801,"不显著"
"Gene774",-0.290347419167272,0.929870756469392,"不显著"
"Gene775",-1.18851949231438,0.00257575146099116,"下调"
"Gene776",0.124095179995062,0.000294566980953019,"不显著"
"Gene777",-0.32852701762883,0.670519452695345,"不显著"
"Gene778",0.404784822792905,0.0605842349055845,"不显著"
"Gene779",0.750279557438057,0.0458356037584255,"不显著"
"Gene780",0.296348639599019,0.0127870334359978,"不显著"
"Gene781",3.01438834930027,0.0690352528681772,"不显著"
"Gene782",0.0475284183801421,0.0230819685202903,"不显著"
"Gene783",-1.20120943691381,0.168805533188297,"不显著"
"Gene784",-2.0386429282781,0.586632392703263,"不显著"
"Gene785",0.296562078347111,0.00701257955680743,"不显著"
"Gene786",-1.38877493761836,0.232729533783726,"不显著"
"Gene787",1.45689163791247,0.0790871892367866,"不显著"
"Gene788",1.45781872401319,0.243366653022972,"不显著"
"Gene789",0.134267248126232,0.433221359781212,"不显著"
"Gene790",0.431820413619593,0.531270409492966,"不显著"
"Gene791",-0.254434494605876,0.222258858566581,"不显著"
"Gene792",-0.0558751094295606,0.508378690263747,"不显著"
"Gene793",-1.12400546136078,0.379732952201275,"不显著"
"Gene794",0.379748259324412,0.0520207008478549,"不显著"
"Gene795",0.629358666593849,0.0640810583832879,"不显著"
"Gene796",-0.173708755907229,0.193274254113915,"不显著"
"Gene797",1.22413559432246,0.214232598541038,"不显著"
"Gene798",-0.566746507616342,0.00325660922705283,"不显著"
"Gene799",2.44821169163827,0.317587265280681,"不显著"
"Gene800",1.12998122933596,0.647818833514728,"不显著"
"Gene801",-0.608255691719752,0.491967468239125,"不显著"
"Gene802",-1.60976298090302,0.219031720976611,"不显著"
"Gene803",1.39920879490678,0.398299299530809,"不显著"
"Gene804",0.309356234098918,0.202997298952205,"不显著"
"Gene805",1.56627961800016,0.337663833310051,"不显著"
"Gene806",-0.31834064408096,0.125924624059888,"不显著"
"Gene807",1.7070214709966,0.161138187818379,"不显著"
"Gene808",-0.820057807881237,0.0318930720351635,"不显著"
"Gene809",1.72410058728337,0.440737075617476,"不显著"
"Gene810",0.630623217444001,0.87804535002565,"不显著"
"Gene811",-0.302857293682419,0.345051610622904,"不显著"
"Gene812",-0.347827463934614,0.0155792085701402,"不显著"
"Gene813",-2.20200432575557,0.00816716594907123,"下调"
"Gene814",-0.982025385360581,0.504649822914723,"不显著"
"Gene815",0.757637857091596,0.701735151699279,"不显著"
"Gene816",-0.584751140165979,0.131808954554997,"不显著"
"Gene817",0.00342698877766382,0.945773603343239,"不显著"
"Gene818",-2.85550077167122,0.406255918381525,"不显著"
"Gene819",-0.64047809799378,0.393049227845223,"不显著"
"Gene820",0.00862729067586949,0.657683705930652,"不显著"
"Gene821",-0.435106784447368,0.928041114284352,"不显著"
"Gene822",-3.00553589945777,0.250338844907588,"不显著"
"Gene823",-0.740412350225274,0.515266358499187,"不显著"
"Gene824",0.662701224072774,0.0592205444284569,"不显著"
"Gene825",0.178301633641164,0.767436043917467,"不显著"
"Gene826",0.515063605163023,0.226604737588891,"不显著"
"Gene827",0.817618538735825,0.604288944538913,"不显著"
"Gene828",2.22167719613352,0.00454991235974585,"上调"
"Gene829",-0.897967279868257,0.226556864083958,"不显著"
"Gene830",1.76057065574848,0.857395025949458,"不显著"
"Gene831",-2.48169150753173,0.559492812744109,"不显著"
"Gene832",0.529321821299336,0.0521387631008395,"不显著"
"Gene833",-1.6942989354205,0.0161375323645929,"不显著"
"Gene834",1.86623900467479,0.0802668383615793,"不显著"
"Gene835",0.635265999520359,0.844373022487428,"不显著"
"Gene836",-0.231756569118564,0.00618582257946,"不显著"
"Gene837",0.564324658234021,0.116901316379925,"不显著"
"Gene838",-2.72101613029201,0.320098725020681,"不显著"
"Gene839",0.860576037019224,0.00104188083685902,"不显著"
"Gene840",0.124949430590028,0.0768313934802828,"不显著"
"Gene841",2.22463754807316,0.508614211777477,"不显著"
"Gene842",-0.431835976135908,0.784569925818486,"不显著"
"Gene843",-1.68356128331762,0.101872983126537,"不显著"
"Gene844",-0.081356808247907,0.819891179992103,"不显著"
"Gene845",-0.944499290304221,0.0667026595734428,"不显著"
"Gene846",-0.788111628025822,0.239075626308729,"不显著"
"Gene847",0.899151332553595,0.00255712904721024,"不显著"
"Gene848",-0.838671871021075,0.630635380595421,"不显著"
"Gene849",-0.567575804620215,0.822368958910456,"不显著"
"Gene850",-0.403162259927922,0.0602671657851263,"不显著"
"Gene851",-0.344098453908896,0.037675463561844,"不显著"
"Gene852",0.22610047523578,0.00247176962335282,"不显著"
"Gene853",0.34250430409026,0.516616679402061,"不显著"
"Gene854",-0.465086520041368,0.00407015106885043,"不显著"
"Gene855",1.18454139400971,0.188253575513741,"不显著"
"Gene856",-1.25586195166534,0.215392177692424,"不显著"
"Gene857",0.955149895312595,0.950245944646633,"不显著"
"Gene858",-0.889782095086877,0.903868546887233,"不显著"
"Gene859",0.710476867388819,0.408113015264156,"不显著"
"Gene860",-0.269950388132823,0.834651338856279,"不显著"
"Gene861",0.717569373355979,0.154102240767233,"不显著"
"Gene862",-0.354265799679536,0.467884982692632,"不显著"
"Gene863",-0.904322762431328,0.103998859537369,"不显著"
"Gene864",0.792198074838383,0.0546996181564065,"不显著"
"Gene865",0.887516668752138,0.840164725021921,"不显著"
"Gene866",-1.39606501511389,0.208959287150145,"不显著"
"Gene867",1.46423047553787,0.291635320018915,"不显著"
"Gene868",-1.40138051386809,0.448842584092948,"不显著"
"Gene869",1.55804450560588,0.153801004666865,"不显著"
"Gene870",-3.37604590112482,0.691697420500434,"不显著"
"Gene871",-0.980343916870786,0.00286332610490594,"不显著"
"Gene872",1.15405437714352,0.450381319703642,"不显著"
"Gene873",1.50164200411606,0.00887781070709696,"上调"
"Gene874",-1.88090589011672,0.723044801614138,"不显著"
"Gene875",-1.37333713516864,0.0105030900233122,"不显著"
"Gene876",0.964768014335902,0.310856786076869,"不显著"
"Gene877",1.12968045485271,0.0333199580489425,"不显著"
"Gene878",-0.425975325715663,0.145683718559583,"不显著"
"Gene879",0.113643380168869,0.574096466345429,"不显著"
"Gene880",1.34642795638239,0.0127684242704998,"不显著"
"Gene881",-1.29033995674602,0.796441217537268,"不显著"
"Gene882",-0.0457556578771123,0.475207112604914,"不显著"
"Gene883",2.15025005844189,0.776107418988627,"不显著"
"Gene884",0.171061716115011,0.0329968196640303,"不显著"
"Gene885",1.41374590062746,0.497393604847807,"不显著"
"Gene886",-0.805066308019088,0.907832497945088,"不显著"
"Gene887",-0.321816163200445,0.0776712467333955,"不显著"
"Gene888",0.0988038207500082,0.0530434321411932,"不显著"
"Gene889",0.832164832450403,0.802157499261718,"不显著"
"Gene890",-0.722370216196462,0.472086580597084,"不显著"
"Gene891",-2.01071756063518,0.0595132458370348,"不显著"
"Gene892",1.48006719737354,0.525835432142511,"不显著"
"Gene893",0.236747726799727,0.151301237638442,"不显著"
"Gene894",0.526503342132056,0.513199045928034,"不显著"
"Gene895",0.484944184982345,0.00158623101773096,"不显著"
"Gene896",-0.345292322983276,0.242226833847239,"不显著"
"Gene897",-0.720389305557522,0.0404874697162999,"不显著"
"Gene898",2.02750897542843,0.076753556541761,"不显著"
"Gene899",-1.12912835258712,0.173707633859943,"不显著"
"Gene900",2.39970163782271,0.00440830104546257,"上调"
