"study","effect","low","high"
"Study A",0.529135812093922,0.280869558899616,0.766497529469383
"Study B",0.780335329988521,0.571096852366828,0.954607176001665
"Study C",0.710062816983112,0.575106355738384,0.844538170715817
"Study D",0.874277573925301,0.722129701356262,1.07826623837123
"Study E",0.98613789752827,0.828473096010302,1.13425862733976
"Study F",0.691882220983159,0.512182324232188,0.874102183472485
"Study G",0.82495954344414,0.58427857335789,1.06639303317426
"Study H",0.973551559069705,0.788074858697176,1.14460824853838
"Study I",0.846624210606863,0.642999783570015,1.03980651673821
