"cluster","cx","cy","x","y","expr","pseudotime"
"Cluster 1",-3,1.8,-3.30212010391409,1.44074587836849,2.64068906994227,0.286840218305093
"Cluster 1",-3,1.8,-3.26931494278635,2.01674363429032,0.956695375554353,0.383858288669346
"Cluster 1",-3,1.8,-2.80896949844522,2.40345050692958,1.53657272560397,0.509249149304365
"Cluster 1",-3,1.8,-3.10020828468463,2.37404007285675,0.897539288307965,0.439458034198608
"Cluster 1",-3,1.8,-3.38586844183567,1.97795205569963,1.10418233926848,0.376165180660593
"Cluster 1",-3,1.8,-2.86712409852417,1.89619185258272,0,0.358285667950427
"Cluster 1",-3,1.8,-3.30192188734017,2.08668970110202,0.198355204735992,0.369926366149267
"Cluster 1",-3,1.8,-2.6804179817735,1.72422236713521,0.513912217823443,0.361906723464167
"Cluster 1",-3,1.8,-2.37610516012866,1.30938031371896,0.618261376953042,0.425922942897022
"Cluster 1",-3,1.8,-3.37993222083306,1.70146922373884,0.463015464933514,0.300991387181914
"Cluster 1",-3,1.8,-2.18537640858996,1.16086092392479,0.82327001154373,0.391460032620358
"Cluster 1",-3,1.8,-3.17909184484064,2.01859017233153,0,0.403500961117936
"Cluster 1",-3,1.8,-3.06038136345161,1.57912099478224,1.78329274407303,0.413808619916624
"Cluster 1",-3,1.8,-2.69507240716847,1.91783734623494,1.1962317643574,0.397379248989998
"Cluster 1",-3,1.8,-3.28949647414236,1.78686053691939,1.63473424388586,0.372975454757835
"Cluster 1",-3,1.8,-2.47671060947039,1.34296673242956,0.758619697822334,0.314370897134502
"Cluster 1",-3,1.8,-2.62368511283381,2.32572468349905,0,0.463571052847906
"Cluster 1",-3,1.8,-3.43895009116693,1.73563644099259,0.275130058349569,0.372273883299006
"Cluster 1",-3,1.8,-2.57929049784056,1.53662538071692,0,0.37608621548785
"Cluster 1",-3,1.8,-2.95486725836121,1.56821268577457,0.444146032204219,0.341327699891163
"Cluster 1",-3,1.8,-1.98667073903901,1.55316695553164,0.990172528959928,0.443212139486164
"Cluster 1",-3,1.8,-2.81714324813431,1.49336120747746,0.0711985224444786,0.361612832127466
"Cluster 1",-3,1.8,-2.64821297395802,2.44758241668919,0.869911465637459,0.461416035011607
"Cluster 1",-3,1.8,-2.59676597926729,1.3380929546865,0,0.344018143937116
"Cluster 1",-3,1.8,-3.69100464272366,1.6916275740447,0.409487697126369,0.261829687766355
"Cluster 1",-3,1.8,-2.72945930349317,2.26259512883554,1.5115200582402,0.420192116808875
"Cluster 1",-3,1.8,-3.16279106287551,1.37345519266609,0.617930746140942,0.327630354071434
"Cluster 1",-3,1.8,-2.83354947941779,1.83313943311829,0.752468041553375,0.432981103182813
"Cluster 1",-3,1.8,-2.52625625024068,1.5228559931194,1.1892547534864,0.417700273949404
"Cluster 1",-3,1.8,-3.1928014520286,2.37997536652301,1.18822842650154,0.421310940659461
"Cluster 1",-3,1.8,-3.27239884996476,1.82944913036572,2.86037928094832,0.338713277048004
"Cluster 1",-3,1.8,-2.72611078486014,1.41564324351292,1.32194320246791,0.352738215886324
"Cluster 1",-3,1.8,-3.27502326182793,2.21096317412037,1.6871101333946,0.362904334722537
"Cluster 1",-3,1.8,-2.74599593807396,1.92434769404505,1.53161598998856,0.397323464693606
"Cluster 1",-3,1.8,-3.14007508935284,1.55717970273532,0.389083472114628,0.356035564617777
"Cluster 1",-3,1.8,-2.7248308109539,2.46093776538094,0.107470852521557,0.455014217515629
"Cluster 1",-3,1.8,-3.24973472404832,2.14920845201252,0,0.321119985548664
"Cluster 1",-3,1.8,-3.36569318175657,1.78026230805304,0.926917119416048,0.369731318913604
"Cluster 1",-3,1.8,-2.61176616844077,2.0677992732941,0,0.472030466772038
"Cluster 1",-3,1.8,-2.75498234678916,1.47255876725772,2.63653615731038,0.348743289603752
"Cluster 1",-3,1.8,-3.37450666245699,2.1115306646171,0,0.406826961915485
"Cluster 1",-3,1.8,-3.36785263131153,1.8418328331821,1.90168242189358,0.349283173486842
"Cluster 1",-3,1.8,-2.27270027860682,1.69972062133519,0.120186800275362,0.405715095879217
"Cluster 1",-3,1.8,-2.74407047088878,1.4851343193115,0.803907183002953,0.319572852713767
"Cluster 1",-3,1.8,-2.76391324920004,1.08136106169775,0,0.364690772652676
"Cluster 1",-3,1.8,-2.96153473824448,1.96358305521029,0.285903934923489,0.422533064654193
"Cluster 1",-3,1.8,-2.93871721809502,1.49653030609836,0.0912102481420887,0.405946706754907
"Cluster 1",-3,1.8,-3.00184537914533,1.60873301051649,0.381531719679197,0.316268334104467
"Cluster 1",-3,1.8,-2.69702732265691,1.97719859675425,1.3251483703375,0.462184999589841
"Cluster 1",-3,1.8,-2.68611729778166,1.21827576345917,0.247241693058553,0.315805190924102
"Cluster 1",-3,1.8,-3.03464486354413,2.02207466333678,1.06961385280419,0.40321772547719
"Cluster 1",-3,1.8,-3.32184030427605,1.31944019616534,0.861332346278476,0.271523852322372
"Cluster 1",-3,1.8,-2.9251564678861,1.76095744153921,1.35274947830513,0.365702014431247
"Cluster 1",-3,1.8,-2.63523188776356,1.97969145283306,1.37237689194674,0.394171342691794
"Cluster 1",-3,1.8,-2.75328329629112,1.69802455236428,0.177807756785277,0.427836220657471
"Cluster 1",-3,1.8,-3.43347292190046,1.48709689692878,1.90288919574615,0.320321599464454
"Cluster 1",-3,1.8,-3.47489151439546,2.04806057299196,0,0.416974151108049
"Cluster 1",-3,1.8,-3.28474274665575,1.08145127264627,0.0940655296117341,0.311345120806822
"Cluster 1",-3,1.8,-2.59609822792602,1.90868756949988,1.61509515460362,0.432228839926946
"Cluster 1",-3,1.8,-2.18448197640566,1.95791563359493,1.35723899123569,0.487809699312851
"Cluster 1",-3,1.8,-2.19435797245176,1.1677491486806,0.428582678453104,0.427919823573605
"Cluster 1",-3,1.8,-3.42450448475375,1.28214419834941,0.332517374572259,0.258625729819609
"Cluster 1",-3,1.8,-2.55518127815812,2.08607510059875,0,0.4429465829341
"Cluster 1",-3,1.8,-2.73857918121667,1.15946596287181,0,0.428713592327449
"Cluster 1",-3,1.8,-2.70479118599211,1.65319203101743,0.401073627487681,0.406848385252585
"Cluster 1",-3,1.8,-2.85978721015093,1.38610720884536,0.990231891003392,0.325931705875313
"Cluster 1",-3,1.8,-3.8078171354055,1.25876663131409,1.26458872837287,0.245561722031482
"Cluster 1",-3,1.8,-3.04413403571186,2.75714625006968,1.59288951741207,0.422012152413306
"Cluster 1",-3,1.8,-3.41142838709474,2.09129928913738,0,0.344735944687451
"Cluster 1",-3,1.8,-2.72348662973291,2.0828679622924,1.65290808146605,0.405400572935058
"Cluster 1",-3,1.8,-2.62762969771419,1.90768683949814,0.162399471558135,0.444600847589432
"Cluster 1",-3,1.8,-2.87470174284394,1.73539663228179,0,0.333030859062255
"Cluster 1",-3,1.8,-2.88312434715001,1.78150658981233,0.282213875544661,0.338031993356039
"Cluster 1",-3,1.8,-3.00765415888715,2.70873674152798,0.649545805008004,0.467801244990419
"Cluster 1",-3,1.8,-2.72056115971295,1.95219257085279,0,0.404287420735488
"Cluster 1",-3,1.8,-3.02899619826425,1.00393891858403,2.89374194062526,0.292358928555942
"Cluster 1",-3,1.8,-2.86926924465056,1.40360309403983,0.441975896263617,0.38454245245662
"Cluster 1",-3,1.8,-2.70964624319471,2.23062566564047,0,0.475108339571562
"Cluster 1",-3,1.8,-2.84659673142278,1.53454242247883,0.90797117708219,0.356442173749584
"Cluster 1",-3,1.8,-3.06072404760638,2.37994671696007,1.93243213959138,0.378907240049889
"Cluster 1",-3,1.8,-2.83146768755048,1.80910793590902,0.806055571369778,0.39362722785804
"Cluster 1",-3,1.8,-3.24727302462751,2.96186211877875,1.14718215700291,0.463743550837037
"Cluster 1",-3,1.8,-3.12217124476069,1.86435100128088,0.552159673460685,0.356485374916756
"Cluster 1",-3,1.8,-2.84050038249016,2.18840406332966,1.52836396253552,0.387175683663327
"Cluster 1",-3,1.8,-3.25630545638751,1.01016782191785,1.16268149165211,0.313144947671335
"Cluster 1",-3,1.8,-3.04118357055748,1.53325338647579,0,0.328040366041177
"Cluster 1",-3,1.8,-2.37816900712523,1.42659197987362,0.185957502288051,0.385761473656891
"Cluster 1",-3,1.8,-2.70825774232275,1.34450148572998,0,0.432363496899236
"Cluster 2",-1,-2.1,-0.575856605741118,-2.10627852386171,2.33837719839208,0.259410843921439
"Cluster 2",-1,-2.1,-2.03396422116631,-1.61595102536991,2.95817313787596,0.151878206548083
"Cluster 2",-1,-2.1,-0.833769685781224,-2.07533620009193,2.15585117684876,0.263340033312535
"Cluster 2",-1,-2.1,-1.005204512219,-2.5928800421753,1.75972701491548,0.125365519808147
"Cluster 2",-1,-2.1,-0.776102048986583,-1.81338995453856,2.0811704260999,0.247373764639814
"Cluster 2",-1,-2.1,-1.00668006711247,-1.42862902508987,0,0.305976669468664
"Cluster 2",-1,-2.1,-0.791577693053642,-3.30771527533755,3.14562575274075,0.177801242000243
"Cluster 2",-1,-2.1,-0.859745547902068,-1.75726227231996,2.97810291525695,0.305300011151009
"Cluster 2",-1,-2.1,-0.243053509167224,-2.08792684982179,2.15036479235421,0.262171542970212
"Cluster 2",-1,-2.1,-1.49223599419028,-1.66092771691531,3.11145586831645,0.155169100290451
"Cluster 2",-1,-2.1,-0.602275087587282,-2.48231078895895,2.09698705425041,0.250342992527613
"Cluster 2",-1,-2.1,-0.872332136557119,-2.85828682227025,4.05118058384044,0.173631734251846
"Cluster 2",-1,-2.1,-0.803052167305221,-2.23419912516238,2.09513296309718,0.225328311046366
"Cluster 2",-1,-2.1,-1.06883640475624,-1.51080296368785,3.50037542889119,0.262465631472251
"Cluster 2",-1,-2.1,-1.1543396848441,-2.24867224781702,2.14798908908181,0.152815910066124
"Cluster 2",-1,-2.1,-1.51533241561097,-2.95387547230235,2.75916529489333,0.0906963378384556
"Cluster 2",-1,-2.1,-0.554557298924967,-3.01653634145029,3.00596439441003,0.141475551829331
"Cluster 2",-1,-2.1,-0.376617130795866,-2.47080291350404,2.72210081597264,0.271397000248301
"Cluster 2",-1,-2.1,-0.0430749753494161,-1.51757998200948,2.9241682828196,0.38948062254246
"Cluster 2",-1,-2.1,-1.00418022510878,-1.75847473838878,2.93081342697505,0.264763135528071
"Cluster 2",-1,-2.1,-0.928005692950203,-1.85614944579659,2.84890062421247,0.28083506721065
"Cluster 2",-1,-2.1,-1.32476501953103,-3.12574042090885,0.828126565380966,0.154556103624677
"Cluster 2",-1,-2.1,-0.124358045975291,-1.57559007212213,2.72876699892833,0.322002506156081
"Cluster 2",-1,-2.1,-0.989641386041314,-2.27568145864312,3.66668722938659,0.28150577490002
"Cluster 2",-1,-2.1,-0.762044465006156,-1.71682212454993,3.29821599084456,0.25992210806797
"Cluster 2",-1,-2.1,-1.03062761264483,-2.03615898449423,3.6261963367008,0.232107274178864
"Cluster 2",-1,-2.1,-1.40109908606967,-1.909095127404,1.82389219456032,0.157136974800895
"Cluster 2",-1,-2.1,-1.21675833143034,-1.91064054741811,2.95679646810196,0.267537334773165
"Cluster 2",-1,-2.1,-1.19682048849965,-1.844417889202,2.99487890504982,0.195994929902868
"Cluster 2",-1,-2.1,-0.824365242508789,-1.72695949491908,3.89521392063849,0.304116044034605
"Cluster 2",-1,-2.1,-1.3121477364282,-2.13900254590269,2.53964560030214,0.157777271349272
"Cluster 2",-1,-2.1,-0.666360104099682,-1.56545718465814,1.71582042186621,0.312269219564363
"Cluster 2",-1,-2.1,-1.10399364563881,-2.06852638177971,1.72043755751084,0.195232178002799
"Cluster 2",-1,-2.1,-0.863008447744845,-2.70681043384502,2.12316212290573,0.162278064831361
"Cluster 2",-1,-2.1,-0.647363105739715,-1.21981605550551,2.05664228025016,0.312742989340706
"Cluster 2",-1,-2.1,-1.0070996331506,-2.61639824107177,1.67313084615079,0.155524910744366
"Cluster 2",-1,-2.1,-1.51108398067026,-1.6986858666127,3.95664251445623,0.17902076812736
"Cluster 2",-1,-2.1,-0.857517226285267,-2.39092919961078,1.91434046668961,0.209853686277918
"Cluster 2",-1,-2.1,-0.705198094379427,-1.85520763932612,2.45732302782796,0.28357302087365
"Cluster 2",-1,-2.1,-1.16149117589025,-3.26094328596548,2.10746871643154,0.136123565637123
"Cluster 2",-1,-2.1,-0.205391593669514,-1.41705692673664,3.17321687282139,0.357190701693913
"Cluster 2",-1,-2.1,-0.676571268718491,-2.77784121053282,2.59642432142892,0.154966444080168
"Cluster 2",-1,-2.1,-1.70796439023871,-2.1890643150466,3.16416995425581,0.148355008254889
"Cluster 2",-1,-2.1,-1.37691707289874,-2.08320548439503,2.67841234595646,0.208648508685512
"Cluster 2",-1,-2.1,-0.781740967137801,-2.55228143541376,2.28714370148197,0.214152041720748
"Cluster 2",-1,-2.1,-0.875505342524922,-2.29020823860776,1.98633970041297,0.263593229317515
"Cluster 2",-1,-2.1,-0.584586242589042,-2.0286250086161,1.60034985475921,0.196153365373745
"Cluster 2",-1,-2.1,-1.32785248956475,-1.63034922648221,2.38010515654837,0.260827000013824
"Cluster 2",-1,-2.1,-1.61551394646657,-2.99121170728792,2.36915709611925,0
"Cluster 2",-1,-2.1,-0.743603962554183,-2.34234542602123,1.78215369560017,0.223573743273956
"Cluster 2",-1,-2.1,-1.00723075310994,-2.56214315716662,1.36340791887558,0.148341306351063
"Cluster 2",-1,-2.1,-0.988993872967847,-2.43575670927298,1.50035331855369,0.179835195688219
"Cluster 2",-1,-2.1,-1.36609375038639,-1.56840856814093,4.95934797243204,0.238101093018714
"Cluster 2",-1,-2.1,-1.8140359770266,-2.34577883093077,2.57337145363169,0.177780363789973
"Cluster 2",-1,-2.1,-0.739698122993457,-2.61562059328187,3.75195044417063,0.158603843485372
"Cluster 2",-1,-2.1,-0.953700983424676,-2.14418773366928,2.61102971374348,0.219917699136394
"Cluster 2",-1,-2.1,-0.934547384833375,-1.90951135385119,2.91074676587356,0.210625093629397
"Cluster 2",-1,-2.1,-1.23838797462121,-2.71120707395501,1.61154982107507,0.131841622337708
"Cluster 2",-1,-2.1,-1.23780733144259,-2.14370388072424,2.56241162386238,0.201553582233821
"Cluster 2",-1,-2.1,-0.840491310727733,-2.41555206975484,3.23044250135331,0.249483333817774
"Cluster 2",-1,-2.1,-1.04980498306413,-1.56518618369841,3.8508179827155,0.232198054224476
"Cluster 2",-1,-2.1,-1.18484231409139,-2.25810958680665,3.28574533942612,0.173318158707782
"Cluster 2",-1,-2.1,-0.442919349583259,-2.27733721672626,1.88348038950713,0.267519425484684
"Cluster 2",-1,-2.1,-1.0256847338906,-2.36041952443139,1.84100301201857,0.152986670313853
"Cluster 2",-1,-2.1,-0.704445854309476,-1.80821034668017,3.18678163537653,0.264809975105584
"Cluster 2",-1,-2.1,-1.31794001101863,-1.60694850692885,2.65784830053997,0.242211436411329
"Cluster 2",-1,-2.1,-1.28305052076121,-1.73745973213809,3.43407803286299,0.272739168149925
"Cluster 2",-1,-2.1,-1.13368063928841,-1.85793969039258,3.06635913276522,0.185887522492622
"Cluster 2",-1,-2.1,-0.635209751341509,-2.60158494091945,1.44087836190135,0.18514344198448
"Cluster 2",-1,-2.1,-1.49668409179562,-2.69153796028279,1.84486424463189,0.145721605140744
"Cluster 2",-1,-2.1,-0.850663621328009,-2.73585155541041,3.5906926012142,0.154071468664823
"Cluster 2",-1,-2.1,-1.13238064858494,-1.65194714610324,2.26384716980588,0.229563304929392
"Cluster 2",-1,-2.1,-1.37780178437696,-2.34175491451257,2.79755353713586,0.121465180437092
"Cluster 2",-1,-2.1,-1.12732080812276,-2.42589411905042,1.2249479659008,0.196762079303724
"Cluster 2",-1,-2.1,-1.75479393078046,-2.11454414688097,2.71000402789166,0.251528040627277
"Cluster 2",-1,-2.1,-0.58861044547153,-2.04450007381833,4.15829199820872,0.237310949751655
"Cluster 2",-1,-2.1,-0.89378527490212,-2.15076973508356,2.4749191002083,0.164564403224323
"Cluster 2",-1,-2.1,-1.29642460281276,-2.76529257744878,3.48540194577659,0.124342502464682
"Cluster 2",-1,-2.1,-1.71080795706772,-2.51974315274914,2.12056094725592,0.116203445472173
"Cluster 2",-1,-2.1,-1.30909116210382,-2.32612597303072,2.35302131360051,0.125811585077808
"Cluster 2",-1,-2.1,-1.53699812223148,-1.87133307264766,2.50507934948465,0.135211292302532
"Cluster 2",-1,-2.1,-1.0246615764802,-2.01844265656056,1.80132067540154,0.208653685928456
"Cluster 2",-1,-2.1,-0.679569899097229,-2.53109534945397,4.00112377076507,0.198427259051836
"Cluster 2",-1,-2.1,-1.75036798656345,-2.37317193994502,0.984315481735381,0.105346087402093
"Cluster 2",-1,-2.1,-0.859711712894653,-1.6719885188903,2.40550586908408,0.230630961020085
"Cluster 2",-1,-2.1,-0.0376825275502172,-2.82125996744153,2.28427279011597,0.234703892911351
"Cluster 2",-1,-2.1,-1.28613799032173,-2.08453643779968,2.88922403987938,0.234284995325255
"Cluster 2",-1,-2.1,-0.574756457842253,-2.31540923888028,2.76300833734913,0.235025866611108
"Cluster 2",-1,-2.1,-1.24324136023025,-2.18780112598096,2.13417495202505,0.228460715719225
"Cluster 2",-1,-2.1,-0.944941159519927,-1.79876456038941,1.87226026855078,0.208939586326762
"Cluster 2",-1,-2.1,-0.955960892423479,-1.84949251238418,2.32927675048205,0.207722106499882
"Cluster 2",-1,-2.1,-0.787782038983798,-1.13177994230808,3.48308112858624,0.300294819925325
"Cluster 2",-1,-2.1,-0.632000507647266,-2.27983147848903,3.50513086249894,0.206782639393112
"Cluster 2",-1,-2.1,0.0302786879465526,-1.82465326150186,2.54551134283271,0.327746461200041
"Cluster 2",-1,-2.1,-1.66648985076479,-2.40615333855267,3.77152328038685,0.155046580792088
"Cluster 2",-1,-2.1,-0.755101051418383,-1.6127784516583,2.00519725001982,0.214976922026802
"Cluster 2",-1,-2.1,-1.21382664460275,-2.33991628618492,2.68338061072683,0.1759990939497
"Cluster 2",-1,-2.1,-0.171773759885771,-1.61308354531833,3.73943243635521,0.2847062747013
"Cluster 3",1.2,1.2,1.06468960564231,0.941701984416572,1.26039287501566,0.632926605627423
"Cluster 3",1.2,1.2,0.75014955363827,1.19349905592188,0.718347744602702,0.643483939280972
"Cluster 3",1.2,1.2,0.083062022018819,0.504753324724007,0.56901983741091,0.480598415582407
"Cluster 3",1.2,1.2,1.95278608036867,0.585449009457972,1.2158354816007,0.672064547495893
"Cluster 3",1.2,1.2,1.26591753515266,1.01585992040087,1.07035996390988,0.657159680973846
"Cluster 3",1.2,1.2,0.968227596179922,1.61003735034901,0.366885777772602,0.642527258188399
"Cluster 3",1.2,1.2,1.21802536018197,1.23007124468677,1.70501752989435,0.733261027380657
"Cluster 3",1.2,1.2,0.9140859479039,1.51957153723557,1.63467429966353,0.66424118034801
"Cluster 3",1.2,1.2,1.35964618689476,1.20893834869371,2.12677404387519,0.671112419201701
"Cluster 3",1.2,1.2,1.63275167010044,0.698979218471583,1.29789540216316,0.668028656243294
"Cluster 3",1.2,1.2,0.865843383538018,1.48948683922192,1.70710611481714,0.686111329813532
"Cluster 3",1.2,1.2,1.89369078067608,1.85119282926225,2.12147251629169,0.793694316514465
"Cluster 3",1.2,1.2,1.23096893026569,1.07938571022305,1.67632488207356,0.683123365479104
"Cluster 3",1.2,1.2,1.10221553196345,1.2753886959287,1.03123259907806,0.633844239050413
"Cluster 3",1.2,1.2,0.977376567285351,1.10881258041787,0.860461373138014,0.585080581839993
"Cluster 3",1.2,1.2,1.10887321841398,1.06939191276966,0.551705597485672,0.65284326848333
"Cluster 3",1.2,1.2,0.982881713953973,0.675624336079581,2.28363060375519,0.643771592243924
"Cluster 3",1.2,1.2,1.48833941358088,1.91361309043112,0.758555642283691,0.775240087534524
"Cluster 3",1.2,1.2,0.680348312239778,1.65967596626085,1.61641952082892,0.67178195021477
"Cluster 3",1.2,1.2,1.61990844729999,1.3909140935663,0,0.703865448569093
"Cluster 3",1.2,1.2,1.43822614013434,0.0971964163368819,0.654981617378259,0.55971476387508
"Cluster 3",1.2,1.2,0.718030778591433,1.55362975064015,1.96956436101662,0.589778821625031
"Cluster 3",1.2,1.2,0.70440237378828,1.07371650607392,0.632561802516262,0.61739206820771
"Cluster 3",1.2,1.2,0.726677972231941,1.3748341188016,0.00316643290676322,0.627576052609923
"Cluster 3",1.2,1.2,0.9572827149247,0.713040291682655,2.09874183608013,0.663064063360696
"Cluster 3",1.2,1.2,1.11967426850611,1.07653084599785,0.410733722610173,0.693562336752981
"Cluster 3",1.2,1.2,1.36662886758085,1.02993981243052,0.384497035896504,0.679785984492545
"Cluster 3",1.2,1.2,0.414448602901838,1.74095661157905,0.00958459622269447,0.63213870018608
"Cluster 3",1.2,1.2,1.2850604237501,0.866058664664256,0.78055981121534,0.644648098766821
"Cluster 3",1.2,1.2,1.29789549140009,1.0602121441273,0.573182871934789,0.68159747965063
"Cluster 3",1.2,1.2,0.906856556849039,1.42243603706355,1.08715040895035,0.628854517642332
"Cluster 3",1.2,1.2,1.04314439202795,1.40069669684789,0,0.640814285327452
"Cluster 3",1.2,1.2,1.40736921873226,1.60918283359084,1.12735355959133,0.715348839952832
"Cluster 3",1.2,1.2,1.48590479082045,0.824219103121392,1.72697047359517,0.66977524065698
"Cluster 3",1.2,1.2,1.46467664233106,0.668781438304765,0.488288626885528,0.627071990914016
"Cluster 3",1.2,1.2,1.20496824009059,1.02008244352257,1.53853492718465,0.697426428483723
"Cluster 3",1.2,1.2,0.685102488426163,2.0030874616618,1.88413168973671,0.685694427134877
"Cluster 3",1.2,1.2,1.18417575915312,1.77727630937275,1.13516191779558,0.718175832370142
"Cluster 3",1.2,1.2,0.664054148403792,1.66646125516029,0,0.694113051223866
"Cluster 3",1.2,1.2,1.36080040656881,0.852304703646253,1.53925963737728,0.649064322580226
"Cluster 3",1.2,1.2,0.683716490828371,0.832542007100208,0.887796035381475,0.563883580610522
"Cluster 3",1.2,1.2,1.44305315943962,0.610117276285925,0.413150587834279,0.62924501368512
"Cluster 3",1.2,1.2,1.53778098032607,1.16262859842512,0.74643988002488,0.73500162263943
"Cluster 3",1.2,1.2,0.0187762114939793,1.25360498536309,0.501503428959616,0.580313182769642
"Cluster 3",1.2,1.2,1.42524230659503,1.54908286804857,0,0.716218577880492
"Cluster 3",1.2,1.2,1.25124044978629,0.965249398222515,0,0.613605708257745
"Cluster 3",1.2,1.2,2.12313976321392,1.29015013223252,0.986652779055056,0.728096671625383
"Cluster 3",1.2,1.2,2.22057635853017,0.553948610514565,0.910612054765613,0.734216563347701
"Cluster 3",1.2,1.2,1.88445608899681,1.03985870323759,2.52110943817509,0.704772820550215
"Cluster 3",1.2,1.2,1.57307108299529,0.950722535352175,0.717687517135455,0.650646244819406
"Cluster 3",1.2,1.2,0.998383186639625,1.53313092310256,0,0.711338401890324
"Cluster 3",1.2,1.2,1.29926405876476,1.38737695767175,0.592692366063574,0.667737055546238
"Cluster 3",1.2,1.2,1.44437392691484,0.793314221197588,2.02791938633682,0.666124650490831
"Cluster 3",1.2,1.2,1.34082429388192,1.89050448844808,1.13269746684073,0.707399529125975
"Cluster 3",1.2,1.2,0.569236432444768,0.840208364787723,0.337324863767344,0.609062943275815
"Cluster 3",1.2,1.2,1.58019364943808,1.46684996263786,0,0.763883043627634
"Cluster 3",1.2,1.2,1.04274847873174,1.01993027102261,0.888894727746171,0.610852434874403
"Cluster 3",1.2,1.2,1.67879258587188,1.50234135993793,2.72273737670482,0.738221366549055
"Cluster 3",1.2,1.2,1.3599785983614,1.21337631698155,1.49916831731171,0.630655065915959
"Cluster 3",1.2,1.2,1.1878436830778,1.91499630857234,0,0.70520779569065
"Cluster 3",1.2,1.2,1.51601969833821,1.29014226065692,1.33464034712391,0.689694127349914
"Cluster 3",1.2,1.2,1.35209348132448,0.847967913050023,1.97578318516199,0.667576331921888
"Cluster 3",1.2,1.2,0.713785369428273,2.01219515416053,0.92793959718212,0.631165151622278
"Cluster 3",1.2,1.2,1.52096583636869,0.445358413975351,1.70669951590483,0.690622199226662
"Cluster 3",1.2,1.2,1.07738669703808,1.25254708454496,2.23694793058644,0.652909268717564
"Cluster 3",1.2,1.2,1.20826437093859,0.857137962056866,2.54631187876914,0.625822656649038
"Cluster 3",1.2,1.2,1.24872292822022,1.1494469954193,0.768100569228632,0.676518892466168
"Cluster 3",1.2,1.2,1.30307514901515,1.61476259077298,0,0.710649615135585
"Cluster 3",1.2,1.2,1.60087014997181,0.873240381436427,0.505123427059145,0.675115248171642
"Cluster 3",1.2,1.2,1.39576102881584,1.64447450697909,1.12007305289919,0.726601244214938
"Cluster 3",1.2,1.2,0.933985909055775,1.74016243911133,1.29027973255322,0.689571071211463
"Cluster 3",1.2,1.2,1.88339468199055,1.788849985975,0.223536704643831,0.73239240882736
"Cluster 3",1.2,1.2,1.02448098333547,0.845274814890238,0.513558258285687,0.608588500318985
"Cluster 3",1.2,1.2,0.725427623210461,1.44490673531342,0.280476130311,0.728182722181966
"Cluster 3",1.2,1.2,1.56536979537161,1.23104078187113,0,0.700456068393144
"Cluster 3",1.2,1.2,1.43866959900111,1.23256021256966,0.782262191799288,0.703778433371136
"Cluster 3",1.2,1.2,1.53560270299458,1.4174756678103,0.244388903775549,0.718951323819123
"Cluster 3",1.2,1.2,1.03537181146013,2.05167159044759,0.788028388071326,0.736557510374219
"Cluster 3",1.2,1.2,1.14799792303678,0.989570678393595,0.224892460527301,0.624977848814652
"Cluster 3",1.2,1.2,1.43521368420376,1.04519277393761,1.23668779325995,0.687500162363678
"Cluster 3",1.2,1.2,0.413447694917771,0.872333135866767,0.971039927752286,0.540372417268078
"Cluster 3",1.2,1.2,0.935368134663736,1.64677408538027,0.164109255978722,0.664153912931534
"Cluster 3",1.2,1.2,1.38263632162587,1.63131210987298,0,0.693347753980615
"Cluster 3",1.2,1.2,0.973353745546108,1.23675603282977,0.512646217419264,0.650865650327174
"Cluster 3",1.2,1.2,1.09415918658967,0.770469841250427,0.677681944259384,0.614483061865255
"Cluster 3",1.2,1.2,1.12312610498746,1.73835110801146,1.80592528263927,0.724721202220138
"Cluster 3",1.2,1.2,0.674047952242691,0.997659085192857,0.0292293158058248,0.59782455266053
"Cluster 3",1.2,1.2,1.40847944290565,1.37753223989749,0.50010145333845,0.666415726899694
"Cluster 3",1.2,1.2,0.961792196790122,1.65481588693331,0.918886102747775,0.639106403385079
"Cluster 3",1.2,1.2,0.836225613033677,1.38892718781719,0,0.649736591370113
"Cluster 3",1.2,1.2,1.19229910155771,1.11242589825604,0.0312103878349343,0.673568037559043
"Cluster 3",1.2,1.2,1.17998564052316,1.18700651366377,0.214183928158692,0.665815434239484
"Cluster 3",1.2,1.2,0.767919711171283,0.913952125939269,2.28678523288073,0.63479069632552
"Cluster 3",1.2,1.2,0.960884897486134,1.38898292367213,0.907446049317338,0.633580697189692
"Cluster 3",1.2,1.2,2.02243786541899,1.11016755343074,0.736809632476897,0.662579270692118
"Cluster 4",2.8,-0.4,2.64164931399946,-0.295304096334817,1.14689452683072,0.637364340648586
"Cluster 4",2.8,-0.4,2.81613024082265,0.319970760367619,0.129133577610917,0.71838174630041
"Cluster 4",2.8,-0.4,2.68704802273603,0.143832257657228,0.749770445573326,0.697683787436893
"Cluster 4",2.8,-0.4,3.52341152577951,-1.0863906092254,1.59429892222643,0.625136132951206
"Cluster 4",2.8,-0.4,3.36173374419433,-0.842554473862926,2.01929879147061,0.646103493615723
"Cluster 4",2.8,-0.4,3.1530268445555,-0.838014258095928,0.100928193991435,0.641139896873317
"Cluster 4",2.8,-0.4,2.54534811978771,-0.261732414139034,2.43188563638254,0.672612493178547
"Cluster 4",2.8,-0.4,3.17169846285588,-0.163860210464183,1.12467141477969,0.740278858377634
"Cluster 4",2.8,-0.4,2.3915425449677,0.476716817188812,1.23723634992898,0.702921122032019
"Cluster 4",2.8,-0.4,2.03942586602689,-0.345942732115075,0.875944728900098,0.599341260532076
"Cluster 4",2.8,-0.4,2.47231587988125,-0.546642808072783,0,0.584606291357679
"Cluster 4",2.8,-0.4,3.20087590302405,-0.931285796331257,1.72875461812664,0.611902376990423
"Cluster 4",2.8,-0.4,3.22682681705881,-0.724538797738745,0.166229294397418,0.723266358614124
"Cluster 4",2.8,-0.4,2.80297016120809,-0.893609579867186,0.900956769860317,0.645073030620913
"Cluster 4",2.8,-0.4,3.49176279067987,-0.208742413426832,0.281794740478061,0.791684874849074
"Cluster 4",2.8,-0.4,2.97798163453809,-0.551448467812953,1.91206225156042,0.69220263088054
"Cluster 4",2.8,-0.4,2.98658226840711,-0.240783672171119,0.275283801036262,0.697860197160673
"Cluster 4",2.8,-0.4,2.51940924755145,-0.41235931630898,0.178688323382582,0.555007973842926
"Cluster 4",2.8,-0.4,2.05878803032623,-0.347300378422301,1.7827641996764,0.676756854262941
"Cluster 4",2.8,-0.4,3.15911261690401,-0.689678519144142,0.628413155426768,0.682520994205472
"Cluster 4",2.8,-0.4,2.53121185115938,-0.631345786254126,2.33366039043716,0.62758903474331
"Cluster 4",2.8,-0.4,2.23872388046197,-0.491364212629068,0.569353668339221,0.660247489684612
"Cluster 4",2.8,-0.4,2.51894093107499,-0.289322128780877,0.356816057437238,0.698667154626825
"Cluster 4",2.8,-0.4,2.47421733218452,-0.132824701092293,0,0.612220668425975
"Cluster 4",2.8,-0.4,3.21107750850542,-0.397790758150357,0.334387943124986,0.735129137087333
"Cluster 4",2.8,-0.4,3.08528399805801,0.178861460460546,1.10852435652627,0.731266379114946
"Cluster 4",2.8,-0.4,2.4128235371739,-0.565726914598386,0.855283154662957,0.690103961014441
"Cluster 4",2.8,-0.4,3.12392155775753,-0.860691857599773,1.52859328581119,0.685566663030434
"Cluster 4",2.8,-0.4,3.29861980916646,0.160850467471196,1.50104766597743,0.783246250730923
"Cluster 4",2.8,-0.4,3.06403725151064,-0.219821463070618,1.22854923950054,0.69920160754758
"Cluster 4",2.8,-0.4,2.9518541288769,0.490234077494109,0.7433488293794,0.787279598380439
"Cluster 4",2.8,-0.4,3.16300301026299,-0.255165304915452,0.219260952326733,0.703250913231685
"Cluster 4",2.8,-0.4,3.60678895215365,-0.898538310288602,0.17534834021988,0.676893855125538
"Cluster 4",2.8,-0.4,3.32624820090313,-0.868291219805581,2.26570325554343,0.672769622444959
"Cluster 4",2.8,-0.4,2.73053027403033,-0.343108054083172,1.64081711946788,0.621888287534329
"Cluster 4",2.8,-0.4,2.57063432771624,-0.442037064039719,0.31581868393584,0.616125485064101
"Cluster 4",2.8,-0.4,2.77074110114007,-0.888241138709395,1.44550493235524,0.647087048744539
"Cluster 4",2.8,-0.4,2.51675346312156,-0.464833287438981,1.52909784758233,0.661551104070051
"Cluster 4",2.8,-0.4,2.01662854755651,-0.613888067676613,0.741691216018471,0.594229738261219
"Cluster 4",2.8,-0.4,2.75383270286147,0.536842019673306,0,0.686115495612744
"Cluster 4",2.8,-0.4,3.01869417272937,-0.978929012082401,0.90112507943191,0.63349135687125
"Cluster 4",2.8,-0.4,2.63125236006429,-0.363733058126523,0.292973736665991,0.62606737377325
"Cluster 4",2.8,-0.4,2.74283636527732,-0.299228259828813,0.74636101774462,0.623167368496666
"Cluster 4",2.8,-0.4,2.76142375968734,-0.579937768088066,0.225058417164523,0.591133635077553
"Cluster 4",2.8,-0.4,2.11590850065903,-0.785354267834573,0.465973123479799,0.601699669999012
"Cluster 4",2.8,-0.4,2.56846122652244,-0.703093599998617,0.819150270514147,0.598622293146658
"Cluster 4",2.8,-0.4,2.61010829144773,-0.0355814257643853,0.375731464643191,0.689747767904094
"Cluster 4",2.8,-0.4,2.49082164366129,-0.548716529288919,0.462543650196878,0.603785966787344
"Cluster 4",2.8,-0.4,2.65281921063793,-0.680909962553317,0.456079161732059,0.641695821612322
"Cluster 4",2.8,-0.4,3.27256766697581,-0.493256443468434,0,0.676227079606121
"Cluster 4",2.8,-0.4,3.47063090770797,-0.487885800925968,1.79286388636909,0.697913011067549
"Cluster 4",2.8,-0.4,3.02721391983184,-0.582529543937889,0,0.683246443711741
"Cluster 4",2.8,-0.4,2.57959146486598,-0.780459988466179,0.872136864038734,0.627930251140858
"Cluster 4",2.8,-0.4,3.35569173084489,-0.807154111670471,1.44901464273341,0.714972964373484
"Cluster 4",2.8,-0.4,2.46328311959762,-0.152560619946914,0,0.667190994691815
"Cluster 4",2.8,-0.4,2.24840795220247,0.0625542836356121,0.378847702173131,0.589401162203245
"Cluster 4",2.8,-0.4,3.053243824068,-0.123309902122243,0.746677031640535,0.662551395890902
"Cluster 4",2.8,-0.4,2.99863786927723,-0.216990508755172,1.45923477935448,0.680266108267936
"Cluster 4",2.8,-0.4,3.39891669456193,-0.372525849959931,0.124121041172731,0.695638551063339
"Cluster 4",2.8,-0.4,2.45561586838938,-0.0802630456371527,0.676502752990713,0.655187160464942
"Cluster 4",2.8,-0.4,3.02585761642431,-0.0384316233781254,0.353987259658256,0.765672655904639
"Cluster 4",2.8,-0.4,2.74304552149765,-0.564058163667101,1.09549471211889,0.688002120225948
"Cluster 4",2.8,-0.4,2.89753145049673,-0.0745240669914699,1.03981459927661,0.714987272219474
"Cluster 4",2.8,-0.4,2.55835832807379,-0.480882028152941,0.608010742678027,0.613003177722126
"Cluster 4",2.8,-0.4,2.81566401010073,-1.08054370430401,1.45831167643157,0.584391755693092
"Cluster 4",2.8,-0.4,2.44404962358754,-0.439099223099653,0.802514183018721,0.656335363023668
"Cluster 4",2.8,-0.4,3.15695053994722,-0.625106082169313,0,0.656634985013817
"Cluster 4",2.8,-0.4,2.61714656560542,0.245969648506175,0.125431280244466,0.712147203420911
"Cluster 4",2.8,-0.4,2.34827917146361,-0.230905690135941,0.949421562131884,0.596063084575439
"Cluster 4",2.8,-0.4,2.28801908499547,-0.388432973074358,0.503380201382434,0.59382729619471
"Cluster 4",2.8,-0.4,3.14687728669325,-0.426331793414249,1.5211630972649,0.652519778439322
"Cluster 4",2.8,-0.4,2.55798291308765,-0.209586089905841,0.151879628647185,0.657662999414686
"Cluster 4",2.8,-0.4,2.96314623288296,-0.349705254046258,1.01691709294893,0.688586185552225
"Cluster 4",2.8,-0.4,2.76252973833546,0.22217032149292,0,0.726759318294803
"Cluster 4",2.8,-0.4,3.47134415438391,-0.169095882921385,0.337849821057883,0.777348045317174
"Cluster 4",2.8,-0.4,2.83954346668092,0.153779607879398,0,0.713895454355191
"Cluster 4",2.8,-0.4,3.33727908680265,-0.944091175038342,1.55624931260534,0.699669775795481
"Cluster 4",2.8,-0.4,2.68329495790567,-0.553754041508491,0.188795392523501,0.645218995413668
"Cluster 4",2.8,-0.4,2.64210885894813,-0.135974605311128,2.52878224312882,0.647153377580544
"Cluster 4",2.8,-0.4,2.91649255786003,-0.372900240677121,0,0.643319745841909
"Cluster 4",2.8,-0.4,2.77521929413713,0.183108000382053,0.622686500922377,0.785586364502235
"Cluster 4",2.8,-0.4,3.25633493237781,-0.383943172787343,1.25262771023833,0.695181448416891
"Cluster 4",2.8,-0.4,2.57476529379375,-0.466766795823475,0.8975498118531,0.619734883362066
"Cluster 4",2.8,-0.4,3.03229901503217,-0.0113502224622348,0.543071942629735,0.724384602723257
"Cluster 4",2.8,-0.4,2.99960998187021,-0.878660123350949,1.09318843587447,0.691705004564515
"Cluster 5",-2.3,-0.7,-2.46779685326891,-0.420556158413176,2.6681397690933,0.227193575093459
"Cluster 5",-2.3,-0.7,-1.47313917327098,-1.31069874939954,3.48127393290055,0.209366418346244
"Cluster 5",-2.3,-0.7,-1.64944690586764,-1.3618282394224,1.02964925972338,0.168885559571472
"Cluster 5",-2.3,-0.7,-2.31088960985004,-0.301715804572213,1.88890234347314,0.238501441106811
"Cluster 5",-2.3,-0.7,-3.17873030608012,-0.204449916234698,3.00387492473938,0.212474346226669
"Cluster 5",-2.3,-0.7,-2.68558131084211,-0.49301124908198,2.34779130618386,0.196850951663033
"Cluster 5",-2.3,-0.7,-2.7173814132227,-0.542664492015504,1.21925132325275,0.240400026246197
"Cluster 5",-2.3,-0.7,-2.09086615045512,-0.908270638297823,1.43238498682595,0.205676020861484
"Cluster 5",-2.3,-0.7,-1.63860419428066,-0.054036379708428,2.61604952452212,0.314617633399257
"Cluster 5",-2.3,-0.7,-2.64104122726995,-0.783556796205044,3.61934611940776,0.191610292384868
"Cluster 5",-2.3,-0.7,-2.10590341085766,-0.600266771167246,2.83279324474986,0.256778209239335
"Cluster 5",-2.3,-0.7,-2.55477933202307,-0.995200512920182,2.88985492519183,0.177831910223852
"Cluster 5",-2.3,-0.7,-2.29432922545474,-0.217738076311118,2.61002961447296,0.287857577993054
"Cluster 5",-2.3,-0.7,-2.66514385786428,-0.567673071348164,3.58036170561701,0.18421502016853
"Cluster 5",-2.3,-0.7,-2.66840094417042,-0.718791078798493,2.09545950195316,0.249117104812283
"Cluster 5",-2.3,-0.7,-2.10514224162703,-0.958093616958324,4.31066212576061,0.209985950165921
"Cluster 5",-2.3,-0.7,-2.28364180786727,-0.555957297278651,2.27726211046188,0.234013864239747
"Cluster 5",-2.3,-0.7,-1.92510277044621,-1.33836231888221,2.75387894002798,0.20587205713716
"Cluster 5",-2.3,-0.7,-2.49267609527823,-1.21292415693227,3.34552587225312,0.186999085599301
"Cluster 5",-2.3,-0.7,-2.07837700729494,-1.07224044760818,2.38209699233026,0.298233694609334
"Cluster 5",-2.3,-0.7,-2.14794959751498,-0.396756366284973,1.66382179756321,0.295335406984762
"Cluster 5",-2.3,-0.7,-2.34944663474562,-0.780795871769411,1.07678541808512,0.261195299115964
"Cluster 5",-2.3,-0.7,-2.79273026839748,-0.941914744745438,2.38228922090062,0.227535140685238
"Cluster 5",-2.3,-0.7,-2.03678695626715,-0.429194344920567,2.07673918649779,0.258611566551967
"Cluster 5",-2.3,-0.7,-1.81492390992693,-1.10729808653448,2.96134549552672,0.243937362468567
"Cluster 5",-2.3,-0.7,-1.79274826465644,-0.713089755938625,2.68972109699528,0.318329423797828
"Cluster 5",-2.3,-0.7,-2.37634128685095,-1.19313633104081,2.22595501193465,0.160158784170327
"Cluster 5",-2.3,-0.7,-2.12702906022514,-0.345672031899689,2.00997793502123,0.248911431523158
"Cluster 5",-2.3,-0.7,-1.95302336475886,-1.03223036319662,3.36053638161115,0.17387538708749
"Cluster 5",-2.3,-0.7,-1.93485493268386,-0.348149534921663,2.25724932566425,0.290227693413096
"Cluster 5",-2.3,-0.7,-1.70933444335983,-0.916183867650768,3.30973138649725,0.235302755748733
"Cluster 5",-2.3,-0.7,-2.36318445103002,-1.17898401947403,1.97371933171185,0.24880577177358
"Cluster 5",-2.3,-0.7,-2.15464910127275,-0.205003035537373,1.3276240727935,0.288886426841607
"Cluster 5",-2.3,-0.7,-1.73943975615569,-0.378083800853956,2.62954671544016,0.293885336716982
"Cluster 5",-2.3,-0.7,-2.30548444989062,-0.725471920963865,2.72856420278628,0.21007493420356
"Cluster 5",-2.3,-0.7,-2.31620962121176,-1.09852284511327,3.33241369064934,0.183959679079655
"Cluster 5",-2.3,-0.7,-1.88938138851714,0.328343541556325,2.91338632712725,0.308398519199094
"Cluster 5",-2.3,-0.7,-2.44081059084773,-0.399724654427046,1.25359668858822,0.260414611172749
"Cluster 5",-2.3,-0.7,-1.69713251002625,-0.465737179461676,2.20044428214439,0.301461494589053
"Cluster 5",-2.3,-0.7,-2.77580383670265,-0.807307191066108,2.67206606396586,0.166461827851978
"Cluster 5",-2.3,-0.7,-1.91331263214716,-0.474788864583384,1.85969906396105,0.282893404448203
"Cluster 5",-2.3,-0.7,-2.39730366281708,-0.965735584895746,2.85108255727956,0.208005428667888
"Cluster 5",-2.3,-0.7,-2.36362379863634,-1.72182932946794,1.39884998702333,0.205851149030517
"Cluster 5",-2.3,-0.7,-2.55171617253444,-0.869365752480468,2.08715576198914,0.161700187894391
"Cluster 5",-2.3,-0.7,-2.47604669063737,-0.0571870204011303,2.46947075632898,0.235903240455265
"Cluster 5",-2.3,-0.7,-2.46734708099669,-0.986244075851489,2.61616070403939,0.192716189067463
"Cluster 5",-2.3,-0.7,-2.5522694916752,-0.741812321466499,1.5216147515865,0.229952437263981
"Cluster 5",-2.3,-0.7,-2.27384829411246,-0.991287016436487,0.71659889649737,0.203692303277155
"Cluster 5",-2.3,-0.7,-1.51591258379888,-0.419669266767736,3.83101908610358,0.359913305209534
"Cluster 5",-2.3,-0.7,-2.50872783737659,-0.25213343883294,2.55318929642498,0.271070608366493
"Cluster 5",-2.3,-0.7,-2.46867607605677,-0.563425679046704,1.78945106482772,0.221813995508893
"Cluster 5",-2.3,-0.7,-2.09621978671787,-0.529245680512141,2.33581972385065,0.268483841854171
"Cluster 5",-2.3,-0.7,-1.76077508857408,-0.746940352137271,3.36410548564001,0.247978153165219
"Cluster 5",-2.3,-0.7,-2.63204249107121,-0.765962852595598,3.28094903993786,0.187638139844543
"Cluster 5",-2.3,-0.7,-2.43154206202825,-0.826664936300143,1.59543671247895,0.193827779919533
"Cluster 5",-2.3,-0.7,-1.93213081862037,-0.270837695634972,1.92730316568978,0.304095953606485
"Cluster 5",-2.3,-0.7,-1.9236029016902,-0.579049653637853,2.34493350489251,0.249797896169298
"Cluster 5",-2.3,-0.7,-2.63188482644459,-0.616949705712591,0.345064151486853,0.200703362948492
"Cluster 5",-2.3,-0.7,-2.53181962793981,-1.30182083122563,3.99447490588351,0.213386863135503
"Cluster 5",-2.3,-0.7,-2.74462174072889,-0.802636018005097,3.71083525754021,0.191060402821348
"Cluster 5",-2.3,-0.7,-2.31534012921146,-0.767329385083754,2.88185713891264,0.18652846140719
"Cluster 5",-2.3,-0.7,-2.52058873042733,0.0575712337691335,3.12270990813315,0.36403592829752
"Cluster 5",-2.3,-0.7,-2.29502887483709,-1.22004117763034,2.54733055060697,0.107966601038664
"Cluster 5",-2.3,-0.7,-3.06836836084728,-0.550856280117085,2.99281118273748,0.121683421371035
"Cluster 5",-2.3,-0.7,-1.88465848530096,-0.455475245959315,2.79284329546173,0.290516759556161
"Cluster 5",-2.3,-0.7,-2.49382648914498,-0.568967160835199,1.76686664364522,0.250096535993342
"Cluster 5",-2.3,-0.7,-2.96828647139902,-0.795873713071286,0.659626648191726,0.22045685574368
"Cluster 5",-2.3,-0.7,-1.65761146706827,-1.29462771915565,2.59642591628149,0.22086015125225
"Cluster 5",-2.3,-0.7,-2.47664995598703,-0.969718994236854,2.97964203176187,0.174113358271558
"Cluster 5",-2.3,-0.7,-2.73465479794699,-0.579654544845141,2.52770165200384,0.1149584569404
"Cluster 5",-2.3,-0.7,-2.39075660435312,-0.828671582545308,3.36979980318472,0.221531737317911
"Cluster 5",-2.3,-0.7,-2.52360391241818,-0.565641663091649,2.87620534511946,0.215917312729065
"Cluster 5",-2.3,-0.7,-2.7045987302164,-0.309546574945371,1.68971067094553,0.262477427548154
"Cluster 5",-2.3,-0.7,-2.60425883511384,-0.369230531882944,2.44265401474639,0.18867640681268
"Cluster 5",-2.3,-0.7,-1.81521103013593,-0.813170259843817,2.27098680278162,0.219092552359619
"Cluster 5",-2.3,-0.7,-1.82079429066416,-0.77943007238972,3.0100143570799,0.259072809940431
"Cluster 5",-2.3,-0.7,-2.86126421260204,-1.20270939879762,2.92618689344194,0.0815699570714683
"Cluster 5",-2.3,-0.7,-2.31091530472856,-0.76333540920732,3.18963888692631,0.191343860786051
"Cluster 5",-2.3,-0.7,-2.3257152949751,-1.35774491570129,2.90483970487625,0.169207860242508
"Cluster 5",-2.3,-0.7,-2.4906182452692,-0.672059480424412,1.95703122799879,0.191712639494416
"Cluster 5",-2.3,-0.7,-1.79948363587175,-0.884657948978633,2.26918967474424,0.261720612852186
"Cluster 5",-2.3,-0.7,-1.63253748756735,-1.01302925897642,3.51753982226791,0.246268683909584
"Cluster 5",-2.3,-0.7,-3.06022815571896,-0.683081080300431,3.05727012089268,0.23480172854948
"Cluster 5",-2.3,-0.7,-1.68530796014355,-0.721090809043836,4.71495630408422,0.263703356357716
"Cluster 5",-2.3,-0.7,-2.72543982463537,-1.53958167039278,3.55474086178774,0.128950679522927
"Cluster 5",-2.3,-0.7,-2.10565805512836,-0.754597058741778,3.02680742498167,0.170680605781763
"Cluster 5",-2.3,-0.7,-2.89602149843987,-0.66338362999463,2.97379916999686,0.211122111474023
"Cluster 5",-2.3,-0.7,-2.00401664544606,-0.270365413467217,2.68198580744405,0.208489861188872
"Cluster 5",-2.3,-0.7,-2.96146024385372,-0.66306135200634,2.09617385523542,0.108133533223371
"Cluster 5",-2.3,-0.7,-1.88871182574436,-1.17537814375642,2.20861053774227,0.221300988243879
"Cluster 5",-2.3,-0.7,-2.92461627539354,-0.679579368414518,1.33848204236065,0.139638875794406
"Cluster 5",-2.3,-0.7,-1.76525495278911,-0.493549569886694,3.6575968121625,0.320674562574333
"Cluster 5",-2.3,-0.7,-2.49740986599632,-0.918792581868288,3.29208471398669,0.175826002574715
"Cluster 5",-2.3,-0.7,-2.78241140369375,-0.406946428902453,2.52751258233487,0.257041169205619
"Cluster 5",-2.3,-0.7,-1.9736357266672,-1.17595869874625,2.98450574280903,0.181960266037052
"Cluster 5",-2.3,-0.7,-2.51747800646584,-0.749663782639029,1.50924670436234,0.190214348553677
"Cluster 5",-2.3,-0.7,-1.35461898092011,-0.679603503699657,2.23332897642818,0.326962035387413
"Cluster 5",-2.3,-0.7,-2.79608743113237,-0.819595764561783,3.91202170598665,0.140987964164995
"Cluster 5",-2.3,-0.7,-2.20765740467269,-0.491343092894445,1.41096437764477,0.248698605423274
"Cluster 5",-2.3,-0.7,-2.24438888971362,-0.49655113883621,3.5546415521681,0.225727823391113
"Cluster 5",-2.3,-0.7,-2.59736359720044,-0.808134750854873,2.17987644832082,0.17391535770972
"Cluster 5",-2.3,-0.7,-2.70966801089863,-0.411489353881542,1.99277355555204,0.207080531271446
"Cluster 5",-2.3,-0.7,-2.24297828071041,-0.643244726679349,2.75687323190917,0.225566367985072
"Cluster 5",-2.3,-0.7,-2.95029653222027,-0.546686717884573,3.46446636917236,0.198360079373048
"Cluster 5",-2.3,-0.7,-2.27760121516856,-0.884727440120016,4.51649738651984,0.252670853588476
"Cluster 5",-2.3,-0.7,-3.13619757991465,-1.1607992146487,2.91560767948617,0.129697562659709
"Cluster 5",-2.3,-0.7,-2.75490173510859,-1.05393850549448,1.82923459158919,0.154853670666451
"Cluster 6",0.2,2.5,-0.135008761988831,2.27795159420501,0.567720481961663,0.664248951425791
"Cluster 6",0.2,2.5,-0.473838585515436,1.80744778683052,0.132959791495686,0.56854692967537
"Cluster 6",0.2,2.5,0.829298370738959,2.66626783651216,0,0.74335440230848
"Cluster 6",0.2,2.5,0.637900907727275,1.91092858649657,0.833596474882906,0.666339329348273
"Cluster 6",0.2,2.5,0.153199356520493,1.77661866182135,0.490850880366179,0.702383145803644
"Cluster 6",0.2,2.5,0.272784292107749,2.28632290374762,1.67827541327073,0.680546868794556
"Cluster 6",0.2,2.5,0.662031508759829,3.5214352510296,1.01197656869158,0.860246108299125
"Cluster 6",0.2,2.5,0.585713625091297,2.75798620159789,0,0.831079560474532
"Cluster 6",0.2,2.5,0.96562622945278,2.3815231225068,1.88285269456261,0.797107093560592
"Cluster 6",0.2,2.5,0.160636787776728,1.66543010282499,1.01640626560289,0.595923942531835
"Cluster 6",0.2,2.5,-0.195515608785296,2.8704600529504,1.54334711665594,0.622458153183201
"Cluster 6",0.2,2.5,0.0463760613600877,2.36101527257973,0.184450628971745,0.664480576310987
"Cluster 6",0.2,2.5,0.378444453020674,2.11936713270289,0.517901955551185,0.691567750283608
"Cluster 6",0.2,2.5,0.227516706591498,2.25602449919909,0.336030511084306,0.699881253215931
"Cluster 6",0.2,2.5,-0.4416038964046,3.28940773771413,1.72150542358969,0.694359811215605
"Cluster 6",0.2,2.5,0.498602733206479,2.58057881200936,0,0.739344251910994
"Cluster 6",0.2,2.5,0.40868885033012,2.42438534422823,1.11923389724317,0.711452318749685
"Cluster 6",0.2,2.5,0.5941918896643,2.16069789184278,1.15779101076514,0.709031930895057
"Cluster 6",0.2,2.5,-0.963632629711825,2.32080829523185,0,0.548202951775029
"Cluster 6",0.2,2.5,0.364810510741461,3.16957737302159,0.142180423119608,0.729553459787908
"Cluster 6",0.2,2.5,0.39166685597467,2.2368257335471,0,0.654963148789539
"Cluster 6",0.2,2.5,-1.10442668391212,2.35013818216313,0.256472969764782,0.556936204405404
"Cluster 6",0.2,2.5,0.739911429868769,2.2129962714417,0.196579423957955,0.696386315804234
"Cluster 6",0.2,2.5,0.54787303066297,2.39596333476228,0.443777281442424,0.711831776307018
"Cluster 6",0.2,2.5,0.119129366390103,2.53015794739496,0,0.694821731830729
"Cluster 6",0.2,2.5,-0.543038748204709,2.48616980038261,0,0.639976306701174
"Cluster 6",0.2,2.5,-0.169019423751748,2.13860579194379,0.849223433063669,0.644277639061879
"Cluster 6",0.2,2.5,0.311699191724972,3.05632137521251,0,0.751419472197849
"Cluster 6",0.2,2.5,0.307087317063125,2.63499098002727,0,0.738436584326283
"Cluster 6",0.2,2.5,0.0637175103204753,2.86320445358662,0,0.767675449999251
"Cluster 6",0.2,2.5,0.275534065563042,1.95697789676057,1.01182268256016,0.696427108093206
"Cluster 6",0.2,2.5,0.413384607507495,2.7872556646961,0,0.749128866716993
"Cluster 6",0.2,2.5,-0.125846676207354,2.00207827699493,0.118748606840439,0.632975287549683
"Cluster 6",0.2,2.5,0.240643171754205,2.43628126208519,1.60224997743352,0.641359105109143
"Cluster 6",0.2,2.5,-0.125186797891578,3.00379624573076,1.47520767841126,0.626027433178556
"Cluster 6",0.2,2.5,-0.305830458858427,2.81802775101557,0.553363679834261,0.696694916171156
"Cluster 6",0.2,2.5,-0.05009552545518,2.47768359528447,0.787408308510129,0.673731854587266
"Cluster 6",0.2,2.5,-0.0379819195614111,2.04478762634139,1.16488187610156,0.622322314799738
"Cluster 6",0.2,2.5,0.0543925855258867,2.58718189548353,0.994096445934201,0.696530976648286
"Cluster 6",0.2,2.5,-0.0894188131284218,2.3857815114613,0.735678087488918,0.657419420859941
"Cluster 6",0.2,2.5,0.182035456746465,2.09369507003361,1.13975199923065,0.653369207230025
"Cluster 6",0.2,2.5,-0.273769294949874,2.49752663386371,0.345123700782071,0.645757595543574
"Cluster 6",0.2,2.5,0.777367281222692,2.04861384714066,0,0.696487170803013
"Cluster 6",0.2,2.5,0.268512768035995,2.76677022977839,0.00018560246378263,0.660971854553444
"Cluster 6",0.2,2.5,0.523556978651454,3.12462419707937,1.59608177375396,0.809979437530089
"Cluster 6",0.2,2.5,0.369558948679046,2.68063430085813,1.18615766381745,0.698835122546497
"Cluster 6",0.2,2.5,0.711216651676392,1.72178096255073,0.673611518850645,0.660908603328648
"Cluster 6",0.2,2.5,0.442697314984006,2.75389179379201,1.01831635389029,0.734594547427885
"Cluster 6",0.2,2.5,-0.116422405723801,2.36976474955801,1.12619469993679,0.669137225239396
"Cluster 6",0.2,2.5,-0.0738180118576507,2.18509560717155,1.33305649864281,0.648704957132877
"Cluster 6",0.2,2.5,-0.122478496506198,2.07585642597138,1.15222910566744,0.646748365535058
"Cluster 6",0.2,2.5,0.507249697435476,1.95896688807148,1.77509731150475,0.723964384855053
"Cluster 6",0.2,2.5,-0.286972073331797,1.89587885104601,2.17878773588575,0.563890994279122
"Cluster 6",0.2,2.5,0.387875068941991,3.05241533049845,0.0137673863169954,0.701317112348216
"Cluster 6",0.2,2.5,-0.203511216141037,2.94365307873373,0.511114988196959,0.708004522040516
"Cluster 6",0.2,2.5,0.499514183999303,2.32429522591281,0.888006811849854,0.724395405198513
"Cluster 6",0.2,2.5,-0.114032788925096,1.84131394538881,0.655702824637037,0.622657127514238
"Cluster 6",0.2,2.5,-0.131855150042233,2.36044170415767,0.479076004763328,0.632736029690537
"Cluster 6",0.2,2.5,0.720583756881152,2.54217490927195,1.25826244614017,0.726581484585226
"Cluster 6",0.2,2.5,-0.649200838119114,2.40521967712404,0.358778472022557,0.649222258331182
"Cluster 6",0.2,2.5,0.217157318592298,2.94140035559425,0,0.7515932205169
"Cluster 6",0.2,2.5,0.152164933895371,3.25487282749126,0.255887105170249,0.712427998564863
"Cluster 6",0.2,2.5,0.614921829595068,2.36288275169248,1.22832957516919,0.663585288361986
"Cluster 6",0.2,2.5,0.872412822548547,2.41227011351728,1.30702714881431,0.709700079050372
"Cluster 6",0.2,2.5,-0.627062325408939,2.61622264923812,2.23961604217684,0.586810665761589
"Cluster 6",0.2,2.5,-0.26141268362135,2.8001701366843,0.729904609619394,0.734186877637874
"Cluster 6",0.2,2.5,-0.282750206106594,3.06814850836101,0,0.70404042632772
"Cluster 6",0.2,2.5,-0.0731204664658646,2.60629000701041,1.12944427652963,0.717983158622032
"Cluster 6",0.2,2.5,0.324641763352149,1.93103661086256,1.09750092108604,0.654823951415436
"Cluster 6",0.2,2.5,-0.1593864560668,1.86655837613967,1.07585534118682,0.573527564088019
"Cluster 6",0.2,2.5,-0.132366173556486,2.24864164270936,1.79191616857356,0.629100943921738
"Cluster 6",0.2,2.5,1.37397348974353,2.35840542039519,1.6748960825948,0.803427529082943
"Cluster 6",0.2,2.5,0.392597279961429,2.69830410824917,1.39418740689766,0.731784495576465
"Cluster 6",0.2,2.5,-0.211372994233937,2.29295200976258,1.89412551342388,0.64913946454086
"Cluster 6",0.2,2.5,0.0886946720306637,2.00920903694115,0.231156356730354,0.694228347588251
"Cluster 6",0.2,2.5,0.0424266556093051,3.05381399769256,0.386706421820415,0.714071170750224
"Cluster 6",0.2,2.5,0.00766697498740124,2.96030337346009,0,0.748977755957867
"Cluster 6",0.2,2.5,0.322171867458992,2.25780333730488,1.87124000870656,0.631209348030107
"Cluster 6",0.2,2.5,0.210297005485894,2.38157809115522,1.13755075996427,0.685345564036697
"Cluster 6",0.2,2.5,0.304884192177831,1.79443980917629,0,0.636724177157243
"Cluster 6",0.2,2.5,0.529155320904716,2.78289084807279,2.2843609055348,0.742316239996443
"Cluster 6",0.2,2.5,0.0306141579265481,3.20150556946289,1.76273677423138,0.781920621784989
"Cluster 6",0.2,2.5,0.861393609730071,2.80656886930443,1.10890660276362,0.727297111267979
"Cluster 6",0.2,2.5,-0.267639842326823,2.42765029604007,0,0.664458014925516
"Cluster 6",0.2,2.5,-0.626076341477309,2.60298540243849,2.52264301197333,0.690842920301121
"Cluster 6",0.2,2.5,0.928474269291793,2.06037370836155,1.90423489436216,0.693257157152682
"Cluster 6",0.2,2.5,1.38392489889058,2.36710653178021,0.995368254202811,0.796703876052645
"Cluster 6",0.2,2.5,0.283901013096631,2.23340702142607,0.687953450528277,0.627151660459655
"Cluster 6",0.2,2.5,0.493828200575606,2.26476303503751,0.516717864128704,0.699422039038171
"Cluster 6",0.2,2.5,-0.151232200857298,2.15468815804936,0,0.683390818775326
"Cluster 6",0.2,2.5,0.459513289310042,2.72633548051231,0.761470284943811,0.745712040428847
"Cluster 6",0.2,2.5,0.281677166426112,2.43158862433695,0,0.705805954503649
"Cluster 6",0.2,2.5,0.267796374429495,2.73592078093971,1.16047281795811,0.670487753912884
"Cluster 6",0.2,2.5,0.620838153378397,3.09224746351638,0,0.733928207263302
"Cluster 6",0.2,2.5,0.793874916385591,2.73786495962353,0,0.755639880526152
"Cluster 6",0.2,2.5,0.258690329981793,2.32226097111722,0.731098469666107,0.726964065303503
"Cluster 6",0.2,2.5,0.470264513538677,2.41802448422719,0.413678666307521,0.758833861568957
"Cluster 6",0.2,2.5,0.112884617536276,2.96140131129527,1.93811543230739,0.715722807715548
"Cluster 6",0.2,2.5,0.161505485595546,2.15082763866657,1.21607017224838,0.703708311898158
"Cluster 6",0.2,2.5,0.288135773924961,2.19411116627605,0.0212062477159759,0.686475365864546
"Cluster 6",0.2,2.5,-0.482166917442613,3.11680197671733,1.92917994797395,0.653165957237067
"Cluster 6",0.2,2.5,-0.558333050636059,2.86005416921544,1.13319777669037,0.643575685641337
"Cluster 6",0.2,2.5,0.345793654910695,3.18311660315394,0.892525233068441,0.754200682057694
"Cluster 6",0.2,2.5,0.427405103552753,2.99654784173154,1.77666608090726,0.771518149462658
"Cluster 7",3,2,3.3529708756321,1.25744160812745,0,0.7775698221188
"Cluster 7",3,2,3.69504676691329,1.90925604216572,1.2415031953707,0.876058107615177
"Cluster 7",3,2,3.16880757870762,2.52324077626145,1.3864768095374,0.987679547541401
"Cluster 7",3,2,3.54627209200829,1.95220469934381,1.04841003113754,0.922011187076803
"Cluster 7",3,2,2.6396746314827,1.94131510859476,0.51360916863622,0.83746950505765
"Cluster 7",3,2,3.14017707090815,1.95448823198384,1.38679732998488,0.871881929105947
"Cluster 7",3,2,2.69558684910825,2.30840787742909,1.7192589096918,0.830079895866547
"Cluster 7",3,2,2.83243825957713,1.41447033642692,0.485514646285244,0.819912629971113
"Cluster 7",3,2,3.25579709541434,2.15831793110841,0,0.907730213333019
"Cluster 7",3,2,2.84925837932106,2.31392668471827,0,0.92568042265013
"Cluster 7",3,2,2.96160781690939,2.31461208592957,1.25124889082641,0.931122349702339
"Cluster 7",3,2,3.02139535966556,1.91872223235685,0.836244763667999,0.89848930186057
"Cluster 7",3,2,3.25725462042201,1.9454186782384,0.590606521480427,0.846937498147939
"Cluster 7",3,2,2.78992300079626,1.71045679909179,1.08758111119712,0.886940717401982
"Cluster 7",3,2,3.8520571022985,2.53878264964063,2.1968536540239,0.958001615065288
"Cluster 7",3,2,3.08634992681895,1.88789930359887,0.324998229951164,0.854369194941997
"Cluster 7",3,2,3.11404155567849,2.53520440480285,0.829975283184081,0.943731466070852
"Cluster 7",3,2,3.33254113118728,1.64596502187847,1.98528586965707,0.811390313746686
"Cluster 7",3,2,2.29014219112271,2.36103794047981,0.793937607773241,0.81248480688185
"Cluster 7",3,2,3.0354535976401,2.15945638690429,0.19993148257394,0.937212240705517
"Cluster 7",3,2,3.43424309074802,1.54234819078815,0,0.869165498838503
"Cluster 7",3,2,2.70084568612638,2.24974139700666,0.418922256437601,0.898048706678516
"Cluster 7",3,2,2.39347468519919,2.10245298128109,0.754438200201881,0.782431297975437
"Cluster 7",3,2,2.95249640667092,1.9542857994119,0.328651921381252,0.886847569432293
"Cluster 7",3,2,2.43901163722203,1.37926552857607,0.977638992022693,0.816204453286073
"Cluster 7",3,2,2.86293298633934,1.26304252122988,0,0.840275661112213
"Cluster 7",3,2,3.17918336691987,2.28075316154632,1.18327824446062,0.938229429861291
"Cluster 7",3,2,2.91180418772558,2.08999109816213,1.97193092734476,0.863196577460688
"Cluster 7",3,2,2.9903733473237,1.92326761736501,0.933726285055189,0.856846024989563
"Cluster 7",3,2,3.08202616091481,1.91383052682939,1.20269422073052,0.91336091953448
"Cluster 7",3,2,2.96427216923329,1.74246523899977,0.0908418927839525,0.84342329367871
"Cluster 7",3,2,3.16711654564519,2.01909656867735,0.650482590184871,0.871492400817153
"Cluster 7",3,2,3.43449676493135,1.82114590050679,0.643456867827573,0.874488886461597
"Cluster 7",3,2,3.27752220285438,1.84738378681323,0.168015560609412,0.845054296895106
"Cluster 7",3,2,3.01398268037197,1.35228451852213,0.348708228004525,0.871323434800733
"Cluster 7",3,2,2.4104376644017,2.57501898254172,0.735751231705046,0.884168222936671
"Cluster 7",3,2,3.21913780084886,1.07246777779094,0.648360619208543,0.845726118903332
"Cluster 7",3,2,2.74344192657096,2.62268773635309,0.724348595876062,0.928019835590575
"Cluster 7",3,2,3.56811978040647,1.62664927676682,0.386298827568512,0.864427097998757
"Cluster 7",3,2,3.04290498410904,1.75680331879927,0.428900835139683,0.791003796742723
"Cluster 7",3,2,3.34628382142204,1.92993432054348,0.821160020781273,0.915112281053549
"Cluster 7",3,2,2.41859153191724,2.05554601148308,1.05914219937879,0.809711102866361
"Cluster 7",3,2,2.98093403740499,1.6722733594934,0.478816812729154,0.855264444130911
"Cluster 7",3,2,3.55751563948639,1.76957899760623,0.346446098838682,0.864387625656761
"Cluster 7",3,2,3.13041839563987,2.40479310383724,1.24500706594665,0.8900584160849
"Cluster 7",3,2,3.06216700079631,0.836848907832083,0.658574838699624,0.802281670532815
"Cluster 7",3,2,2.25628872410901,2.57346489515987,0,0.809912178046956
"Cluster 7",3,2,3.18470824174584,2.33192587499585,2.80739841117614,0.975023239876326
"Cluster 7",3,2,2.71417436011808,2.28602876226942,2.61552063649044,0.864947348111812
"Cluster 7",3,2,3.10548517963048,2.03589602028324,0.358405485052183,0.903229913750028
"Cluster 7",3,2,3.46181070501763,2.32945244448133,0.032610727483372,0.921830694701397
"Cluster 7",3,2,3.52049761946156,1.43029394192225,2.43490055453938,0.899678001352679
"Cluster 7",3,2,2.36611952439308,1.92681626802176,1.49837823429182,0.786154637683207
"Cluster 7",3,2,3.08937719108112,2.13145386150815,1.03408473341449,0.935451484456319
"Cluster 7",3,2,2.21599135767007,2.19594116631499,0,0.849669107252902
"Cluster 7",3,2,3.3629493825899,1.74416373562381,0.596478553610524,0.912328773100928
"Cluster 7",3,2,3.54507108724229,2.43650015976001,0.883798706485812,0.977404046638012
"Cluster 7",3,2,3.38006528878827,2.38511057783489,0.0302623675526622,0.935007384264958
"Cluster 7",3,2,3.46432965373673,2.24104052322684,0.262681154639544,0.880137230651444
"Cluster 7",3,2,2.96414871650682,1.97217720483518,1.95052871674754,0.875596070796413
"Cluster 7",3,2,3.05106340016472,2.38810913573342,0.78851289760704,0.946037998342718
"Cluster 7",3,2,3.19451706476766,2.48948156334685,0,0.957373627103657
"Cluster 7",3,2,3.01807146799289,1.870745263334,0.000179672688848775,0.878474450598752
"Cluster 7",3,2,3.50087577423331,1.57149276792323,0.69710726410714,0.887686788637819
"Cluster 7",3,2,2.77810751652523,2.0231211338519,0.40041963514038,0.877679922857063
"Cluster 7",3,2,3.12001758617368,1.83478214642554,1.54508985893019,0.878614912812193
"Cluster 7",3,2,3.06323956701055,2.37268710224083,0.564857196235335,0.98959524007984
"Cluster 7",3,2,3.13493465112479,2.11963180970222,0,0.952188209691899
"Cluster 7",3,2,3.65499686647544,1.61711027842076,2.00741543864801,0.88133803054302
"Cluster 7",3,2,1.9189923709842,2.28769138027198,0.0269870980142752,0.821236112939165
"Cluster 7",3,2,3.16128481497435,1.89816099213365,0.201750255122604,0.857262019855712
"Cluster 7",3,2,3.2837439272279,2.18010555569577,1.93573898514395,0.944564875284014
"Cluster 7",3,2,2.65246832151247,2.10111637914426,1.38169029570422,0.849524702117462
"Cluster 7",3,2,2.44573926042818,2.82845392024862,2.68060227687966,0.867739175954922
"Cluster 7",3,2,2.99888418157195,2.49828032353613,1.07901507879815,0.946620568923849
"Cluster 7",3,2,2.79677584783507,1.9632141910279,0,0.811939097771286
"Cluster 7",3,2,1.97206274722446,2.3434742609124,0.548135018803424,0.892848838942611
"Cluster 7",3,2,2.35266540587778,2.74173211564875,0,0.851524498571153
"Cluster 7",3,2,2.71356534136924,2.65886607775439,1.37526487267496,0.896911811364223
"Cluster 7",3,2,2.89022021165579,2.05192935473136,0,0.885952606940818
"Cluster 7",3,2,2.73513023946459,1.65189433600762,0.513080080735877,0.73328323594928
"Cluster 7",3,2,2.27590648005936,2.13414086304096,0.356209804100592,0.806725241271305
"Cluster 7",3,2,3.965951634855,1.96496429733501,0,0.891449908220326
"Cluster 7",3,2,3.10560987802305,1.56573410261238,2.1716918801823,0.853197928848134
"Cluster 7",3,2,2.93068647824105,2.49930732173501,0,0.914200801551868
"Cluster 7",3,2,3.22077397656117,1.65182883046338,0,0.872607042642649
"Cluster 7",3,2,3.24186363645365,1.96596264647499,0,0.904344764979338
"Cluster 7",3,2,3.33683961502091,2.20310168518,1.79485655238548,0.906298030830501
"Cluster 7",3,2,2.59058625003848,2.51591069541311,0.165399083565225,0.895955767333455
"Cluster 7",3,2,2.98236175579398,1.53988877222789,1.77541594983288,0.833543061174828
"Cluster 7",3,2,3.23428784517245,2.15624507387129,0,0.861977899772494
"Cluster 7",3,2,3.61627425607512,2.51454196280763,0.643220647147244,1
"Cluster 7",3,2,2.20176705707807,2.03982939037891,1.41750569527468,0.786547442802911
"Cluster 7",3,2,2.93050473356367,2.26152320611099,0,0.920258677888386
"Cluster 7",3,2,2.13193128352918,1.9982831429656,0.389907990773859,0.813805566979993
"Cluster 7",3,2,3.06160353758868,1.74636073122137,0.729819109140917,0.831056402763104
"Cluster 7",3,2,3.06211836962273,2.0377353321524,0,0.830615303856592
"Cluster 7",3,2,3.10244901146358,1.68798895069379,1.62095088013811,0.8214533800578
"Cluster 7",3,2,1.8882681739291,1.70077827702669,1.00599304587603,0.722824267021457
"Cluster 7",3,2,3.4462646882277,1.35837929429733,0,0.867573543967256
"Cluster 7",3,2,3.1469998958394,2.76634908278142,0.869438014866885,0.945164820434103
"Cluster 7",3,2,2.88737312376377,1.75546636384586,0,0.847658731304071
"Cluster 7",3,2,2.78923075609473,3.12940376938466,1.13260326694807,0.936940069725104
